,thought,interpretation,reasoning,suggestion
0,"The heating is then reduced so that only half of the flask's content is immersed in the heating bath, and the mixture is stirred for an additional 20 minutes.",This step involves partially immersing the flask in the heating bath and continuing to stir.,The XDL language does not support partial immersion of a vessel in a heating bath.,This step cannot be executed as described in the XDL language. Consider maintaining the same temperature and stirring conditions without partial immersion.
1,The oily residue is cooled in a water bath with vigorous stirring using a spatula.,This step involves cooling the residue in a water bath while stirring vigorously with a spatula.,The XDL language does not support manual stirring with a spatula.,This step cannot be executed as described in the XDL language. Consider using automated stirring instead.
2,The oily residue is cooled in a water bath with vigorous stirring using a spatula,Cooling the residue in a water bath while stirring vigorously with a spatula,The XDL language does not support the concept of using a spatula for stirring or the specific action of cooling in a water bath while stirring with a spatula,This step cannot be directly translated into XDL code. Consider using a general stirring step with high RPM to simulate vigorous stirring.
3,the heating bath is lowered so that only half of the flask is immersed in the bath,This part of the procedure aims to partially immerse the flask in the heating bath.,The XDL language does not have a step to partially immerse a vessel in a heating bath.,This step cannot be executed with the current XDL language capabilities.
4,the oily residue is then cooled in a water bath with vigorous stirring using a spatula,This part of the procedure aims to cool the residue in a water bath while stirring with a spatula.,The XDL language does not have a step to manually stir with a spatula.,This step cannot be executed with the current XDL language capabilities.
5,"The heating is then reduced so that the reaction mixture is halfway submerged in the heating bath, and the mixture is stirred for an additional 20 minutes.",This part means to reduce the heating intensity and continue stirring for 20 minutes.,The XDL language does not have a direct way to specify reducing the heating intensity while keeping the mixture halfway submerged in the heating bath.,"Consider adding a step to reduce the temperature and continue stirring, but note that the specific instruction of 'halfway submerged' cannot be directly translated."
6,The oily residue is cooled in an ice bath with vigorous stirring using a spatula.,This part means to cool the residue in an ice bath while stirring vigorously with a spatula.,The XDL language does not support the use of a spatula for stirring.,"Consider using a high stir speed to simulate vigorous stirring, but note that the use of a spatula cannot be directly translated."
7,"The heating is then reduced so that only half of the flask is immersed in the heating bath, and the mixture is stirred for an additional 20 minutes.",This step involves reducing the heating so that only half of the flask is immersed in the heating bath.,The XDL language does not have a step to partially immerse a vessel in a heating bath.,This step cannot be executed as described in the XDL language. Consider simplifying the procedure to just continue heating at a lower temperature.
8,The oily residue is cooled in a water bath with vigorous stirring using a spatula.,This step involves cooling the residue in a water bath while stirring vigorously with a spatula.,The XDL language does not support the use of a spatula for stirring.,This step cannot be executed as described in the XDL language. Consider using standard stirring methods available in XDL.
9,The oily residue is cooled in an ice bath with vigorous stirring using a spatula,"This step involves manual stirring with a spatula, which is not executable by the XDL language.",The XDL language does not support manual stirring with a spatula.,"Consider using automated stirring if possible, or note that this step must be performed manually."
10,The oily residue is cooled in a water bath with vigorous stirring using a spatula,Cooling the residue in a water bath while stirring vigorously with a spatula,The XDL language does not support the concept of using a spatula for stirring or the specific action of cooling in a water bath with manual stirring.,This step cannot be executed with the current XDL language capabilities. Consider adding a manual intervention step or a custom hardware component for this action.
11,The mixture is stirred for an additional 20 minutes after reducing the heating.,This part means to stir the mixture for 20 minutes after reducing the heating.,The XDL language does not have a direct way to reduce heating while continuing to stir for a specific time.,This step can be approximated by stopping the heating and then stirring for the required time.
12,The oily residue is cooled in a water bath with vigorous stirring using a spatula.,This part means to cool the residue in a water bath while stirring vigorously with a spatula.,The XDL language does not support the use of a spatula for stirring.,This step can be approximated by using a high stir speed to mimic vigorous stirring.
13,The mixture is stirred with a spatula after cooling in a water bath.,"This part of the procedure involves manual stirring with a spatula, which is not executable by the XDL language.",The XDL language does not support manual stirring with a spatula.,This step cannot be automated with the current XDL language and should be noted as a manual intervention.
14,The oily residue is cooled in a water bath with vigorous stirring using a spatula,Cooling the residue in a water bath while stirring vigorously with a spatula,The XDL language does not support the concept of using a spatula for stirring or the specific action of cooling in a water bath with manual stirring.,This step cannot be directly translated into XDL code. Consider using a general cooling and stirring step without specifying the use of a spatula.
15,"The mixture is heated under reflux until a homogeneous solution is formed, which takes approximately 15–30 minutes.",Heating the mixture under reflux to form a homogeneous solution.,The XDL language does not have a specific step for 'reflux' which involves both heating and condensing the solvent back into the reaction vessel.,Consider adding a custom step or a combination of existing steps to simulate reflux conditions.
16,The oily residue is cooled in a water bath with vigorous stirring using a spatula.,Cooling the residue in a water bath while stirring manually with a spatula.,The XDL language does not support manual stirring with a spatula or the concept of a water bath.,Consider adding a custom step or a combination of existing steps to simulate cooling and manual stirring.
17,"The heating is then reduced so that only half of the flask is immersed in the heating bath, and the mixture is stirred for an additional 20 minutes.",This part of the procedure aims to reduce the heating intensity while continuing to stir the mixture.,The XDL language does not have a direct way to specify partial immersion of the flask in the heating bath.,"Consider using a different approach to simulate reduced heating intensity, such as lowering the temperature."
18,The oily residue is cooled in a water bath with vigorous stirring using a spatula.,This part of the procedure aims to cool the residue in a water bath while stirring vigorously with a spatula.,The XDL language does not support the use of a spatula for stirring.,Use the available stirring options in XDL to simulate vigorous stirring.
19,The step involving cooling the oily residue in a water bath with vigorous stirring using a spatula.,This step aims to cool the residue and stir it vigorously to aid in the drying process.,The XDL language does not support the use of a spatula for stirring or the specific action of cooling in a water bath.,This step cannot be directly translated into XDL code. Consider using a general stirring and cooling step if applicable.
20,The step involving cooling the oily residue in a water bath with vigorous stirring using a spatula,This step aims to cool the residue and stir it vigorously using a spatula to aid in the drying process.,The XDL language does not have a step to manually stir with a spatula or to specify the use of a water bath for cooling.,This step cannot be directly translated into XDL code. Consider using automated stirring and cooling steps instead.
21,"The mixture is heated under reflux until a homogeneous solution is formed, which takes approximately 15-30 minutes.",This part means to heat the mixture under reflux conditions until a homogeneous solution is formed.,The XDL language does not have a specific step for 'reflux' which involves continuous boiling and condensation of the solvent.,Consider adding a custom step or a combination of steps to simulate reflux conditions in the XDL code.
22,The oily residue is cooled in a water bath with vigorous stirring using a spatula.,This part means to cool the residue in a water bath while stirring vigorously with a spatula.,"The XDL language does not support the use of a spatula for stirring, nor does it have a specific step for cooling in a water bath.",Consider adding a custom step or a combination of steps to simulate cooling in a water bath and stirring with a spatula in the XDL code.
23,"The mixture is heated under reflux until a homogeneous solution is formed, which takes approximately 15-30 minutes.",This part means to heat the mixture under reflux conditions until a homogeneous solution is formed.,The XDL language does not have a specific step for 'reflux' which involves continuous boiling and condensation of the solvent.,Consider adding a custom step or a combination of steps to simulate reflux conditions in the XDL language.
24,"The heating is then reduced so that the reaction mixture is halfway submerged in the heating bath, and the mixture is stirred for an additional 20 minutes.",This part means to reduce the heating and continue stirring the mixture.,The XDL language does not support the concept of 'halfway submerged in the heating bath'.,Consider adding a custom step or a combination of steps to simulate this condition in the XDL language.
25,The oily residue is cooled in a water bath with vigorous stirring using a spatula.,This part means to cool the residue in a water bath while stirring vigorously with a spatula.,The XDL language does not support the concept of 'vigorous stirring using a spatula'.,Consider adding a custom step or a combination of steps to simulate this condition in the XDL language.
26,"The mixture is heated under reflux until a homogeneous solution is formed, which takes approximately 15-30 minutes.",This part means to heat the mixture under reflux conditions until a homogeneous solution is formed.,The XDL language does not have a specific step for 'reflux' which involves continuous boiling and condensation of the solvent.,"Consider adding a custom step or a combination of existing steps to simulate reflux conditions, or manually handle this step outside of the XDL code."
27,The oily residue is cooled in a water bath with vigorous stirring using a spatula.,This part means to cool the residue in a water bath while stirring vigorously with a spatula.,"The XDL language does not support the use of a spatula for stirring, nor does it have a specific step for cooling in a water bath.",Consider manually handling this step outside of the XDL code or using a combination of existing steps to approximate the process.
28,The step involving the use of a spatula for vigorous stirring in an ice bath.,This part of the procedure aims to cool the oily residue and stir it vigorously using a spatula.,"The XDL language does not support the use of a spatula for stirring, nor does it support the concept of manually stirring with a spatula.","This step cannot be directly translated into XDL code. Consider using a mechanical stirring method instead, if applicable."
29,"The mixture is heated under reflux until a homogeneous solution is formed, which takes approximately 15-30 minutes.",This part means to heat the mixture under reflux conditions until a homogeneous solution is formed.,The XDL language does not have a specific step for 'reflux' which involves continuous boiling and condensation of the solvent.,Consider adding a custom step or a combination of steps to simulate reflux conditions in the XDL code.
30,The oily residue is cooled in an ice bath with vigorous stirring using a spatula.,This part means to cool the residue in an ice bath while stirring vigorously with a spatula.,"The XDL language does not support the use of a spatula for stirring, and the concept of an ice bath is not explicitly defined.",Consider adding a custom step or a combination of steps to simulate cooling in an ice bath and vigorous stirring.
31,The oily residue is cooled in a water bath with vigorous stirring using a spatula,This step involves manually stirring the residue with a spatula while cooling in a water bath.,The XDL language does not support manual stirring with a spatula or the use of a water bath for cooling.,This step cannot be executed with the current XDL language. Consider adding a manual intervention step or a more detailed description of the cooling and stirring process.
32,the heating bath is lowered so that only half of the reaction mixture is immersed in the heating bath,partially immersing the reaction mixture in the heating bath,XDL language does not support partial immersion of a vessel in a heating bath,This step cannot be executed with the current XDL language. Consider revising the procedure to fully immerse or not immerse the vessel.
33,the oily residue is cooled in a water bath with vigorous stirring using a spatula,cooling the residue in a water bath while stirring with a spatula,XDL language does not support manual stirring with a spatula,This step cannot be executed with the current XDL language. Consider revising the procedure to use automated stirring.
34,"The mixture is heated under reflux until a homogeneous solution is formed, which takes approximately 15–30 minutes.",Heating the mixture under reflux to form a homogeneous solution.,"The XDL language does not have a specific step for refluxing. The closest available step is HeatChill, but it does not explicitly mention reflux.",Consider adding a custom step for refluxing in the XDL language or use HeatChill with a note that it is intended to simulate reflux.
35,The oily residue is cooled in a water bath with vigorous stirring using a spatula.,Cooling the residue in a water bath while stirring vigorously with a spatula.,The XDL language does not support the use of a spatula or the specific action of cooling in a water bath.,Consider adding a custom step for manual stirring with a spatula and cooling in a water bath in the XDL language.
36,The step involving cooling the oily residue in a water bath with vigorous stirring using a spatula.,This step is meant to cool the residue and stir it vigorously using a spatula.,"The XDL language does not support the use of a spatula for stirring, nor does it support the concept of a water bath for cooling.",This step cannot be executed with the current XDL language. Consider adding support for manual stirring and water bath cooling in future versions of the XDL language.
37,The step involving cooling the oily residue in a water bath with vigorous stirring using a spatula.,This step aims to cool the residue and stir it vigorously to aid in the drying process.,The XDL language does not support the use of a spatula for stirring or the specific action of cooling in a water bath.,This step cannot be executed as described in the XDL language. Consider using available stirring and cooling methods within the XDL language.
38,"The heating is then reduced so that only half of the reaction mixture is immersed in the heating bath, and the mixture is stirred for an additional 20 minutes.",This part means to partially immerse the reaction mixture in the heating bath and continue stirring.,The XDL language does not support partial immersion of the reaction mixture in the heating bath.,This step cannot be executed with the current XDL language. Consider adding support for partial immersion in future versions of the XDL language.
39,The oily residue is cooled in a water bath with vigorous stirring using a spatula.,This part means to cool the residue in a water bath while stirring vigorously with a spatula.,The XDL language does not support the use of a spatula for stirring.,This step cannot be executed with the current XDL language. Consider adding support for manual stirring with a spatula in future versions of the XDL language.
40,The step involving the use of a spatula for vigorous stirring,The natural language procedure suggests using a spatula for vigorous stirring during the cooling process.,The XDL language does not support manual operations such as using a spatula for stirring.,This step cannot be executed with the current XDL language. Consider using automated stirring if possible.
41,The mixture is stirred for an additional 20 minutes after reducing the heating.,This part means to stir the mixture for 20 minutes after reducing the heating.,The XDL language does not have a direct way to reduce the heating and then continue stirring for a specific time.,The XDL code should include a step to reduce the heating and then continue stirring for 20 minutes. This can be approximated by using a HeatChill step with a lower temperature and a Stir step.
42,The oily residue is cooled in a water bath with vigorous stirring using a spatula.,This part means to cool the residue in a water bath while stirring vigorously with a spatula.,The XDL language does not support the use of a spatula for stirring.,"The XDL code should include a step to cool the residue and stir it vigorously, but the use of a spatula cannot be implemented."
43,"The heating is then reduced so that only half of the flask is immersed in the heating bath, and the mixture is stirred for an additional 20 minutes.",This step involves partially immersing the flask in the heating bath and continuing to stir.,The XDL language does not support partial immersion of a vessel in a heating bath.,This step cannot be executed as described in the XDL language. Consider using a different method to achieve the same effect or modify the procedure to fit within the capabilities of the XDL language.
44,The oily residue is cooled in a water bath with vigorous stirring using a spatula.,This step involves cooling the residue in a water bath while stirring vigorously with a spatula.,The XDL language does not support the use of a spatula for stirring.,This step cannot be executed as described in the XDL language. Consider using mechanical stirring instead of a spatula.
45,"The heating is then reduced so that only half of the flask is immersed in the heating bath, and the mixture is stirred for an additional 20 minutes.",This step involves adjusting the heating bath so that only half of the flask is immersed while continuing to stir.,The XDL language does not have a step to adjust the immersion level of the flask in the heating bath.,This step cannot be executed with the current XDL language. Consider adding a new step to adjust the immersion level of the flask in the heating bath.
46,The oily residue is cooled in a water bath with vigorous stirring using a spatula.,This step involves cooling the residue in a water bath while stirring vigorously with a spatula.,The XDL language does not support the use of a spatula for stirring.,This step cannot be executed with the current XDL language. Consider adding a new step to allow for manual stirring with a spatula.
47,The step where the heating is reduced so that only half of the reaction mixture is immersed in the heating bath.,This part of the procedure aims to reduce the heating intensity by partially immersing the reaction flask in the heating bath.,The XDL language does not have a step to partially immerse a vessel in a heating bath or to adjust the heating intensity in this manner.,This step cannot be directly translated into XDL code. Consider using a different approach to control the heating intensity if possible.
48,The step where the oily residue is cooled in a water bath with vigorous stirring using a spatula.,This part of the procedure aims to cool the residue in a water bath while stirring vigorously with a spatula.,The XDL language does not support the use of a spatula for stirring or the specific action of cooling in a water bath.,This step cannot be directly translated into XDL code. Consider using an alternative method for cooling and stirring if possible.
49,The step involving vigorous stirring using a spatula while cooling in a water bath.,This step is meant to cool the oily residue and ensure it solidifies properly.,The XDL language does not support manual stirring with a spatula or the use of a water bath for cooling.,This step cannot be executed as described in the XDL language. Consider using automated stirring and cooling methods available in XDL.
50,The step involving cooling the oily residue in a water bath with vigorous stirring using a spatula.,This step is meant to cool the residue and ensure it solidifies properly.,The XDL language does not have a step for manually stirring with a spatula or cooling in a water bath.,This step cannot be executed with the current XDL language. Consider adding a manual intervention step or a more detailed description of the cooling process.
51,The step involving cooling the oily residue in a water bath with vigorous stirring using a spatula.,This step is meant to cool the residue and ensure it is well-mixed using a spatula.,The XDL language does not support the use of a spatula for stirring or the specific action of cooling in a water bath.,This step cannot be directly translated into XDL code. Consider using available stirring and cooling methods within the XDL language.
52,The mixture is stirred with a spatula after cooling in a water bath.,This part means to manually stir the mixture with a spatula to aid in the cooling and solidification process.,The XDL language does not support manual stirring with a spatula or the concept of a water bath for cooling.,This step cannot be executed with the current XDL language. Consider adding a manual intervention step or a more detailed description of the cooling process.
53,The step involving vigorous stirring using a spatula,The procedure requires manual stirring with a spatula to cool the oily residue in a water bath.,The XDL language does not support manual stirring with a spatula or the concept of vigorous stirring by hand.,This step cannot be executed with the current XDL language. Consider adding a manual intervention step or a more detailed description of the stirring process.
54,The step involving cooling the oily residue in a water bath with vigorous stirring using a spatula.,This step aims to cool the residue and ensure it solidifies properly.,The XDL language does not support the use of a spatula or manual stirring.,This step cannot be executed as described in the XDL language. Consider using automated stirring and cooling steps instead.
55,The oily residue is cooled in a water bath with vigorous stirring using a spatula,This part means to cool the residue in a water bath while stirring vigorously with a spatula.,The XDL language does not support the concept of using a spatula for stirring or the specific action of cooling in a water bath.,This step cannot be directly translated into XDL code. Consider using a general stirring step with high RPM to simulate vigorous stirring.
56,The mixture is stirred with a spatula after cooling in a water bath.,This part means to manually stir the mixture with a spatula to aid in the cooling and solidification process.,The XDL language does not support manual stirring with a spatula or the concept of cooling in a water bath with manual intervention.,This step cannot be executed with the current XDL language. Consider adding a manual intervention step or a more detailed description of the cooling process that can be automated.
57,"The mixture is heated under reflux until a homogeneous solution is formed, which takes approximately 15–30 minutes.","Heating under reflux implies a specific setup with a reflux condenser, which is not explicitly supported by the XDL language.",The XDL language does not have a specific step for setting up a reflux condenser or performing reflux.,Consider adding a custom step or hardware component to handle reflux in the XDL language.
58,The oily residue is cooled in a water bath with vigorous stirring using a spatula.,"Cooling in a water bath with vigorous stirring using a spatula implies manual intervention, which is not supported by the XDL language.",The XDL language does not support manual intervention steps such as using a spatula for stirring.,Consider adding a custom step or hardware component to handle manual stirring in the XDL language.
59,The step involving cooling the oily residue in a water bath with vigorous stirring using a spatula.,This step aims to cool the residue and stir it vigorously to aid in the drying process.,The XDL language does not support the use of a spatula for stirring or the specific action of cooling in a water bath.,This step cannot be directly translated into XDL code. Consider using available stirring and cooling steps in XDL to approximate this action.
60,The step involving cooling the oily residue in a water bath with vigorous stirring using a spatula.,This step is meant to cool the residue and ensure it solidifies properly.,The XDL language does not support the use of a spatula or manual stirring.,This step cannot be executed with the current XDL language. Consider adding a manual intervention step or a custom hardware component for this action.
61,The mixture is stirred for an additional 20 minutes after reducing the heating.,This part means to stir the mixture at a lower temperature for an additional 20 minutes.,The XDL language does not support reducing the heating while keeping the stirring on. The current XDL code uses HeatChill which stops heating after the specified time.,The XDL language should be extended to support reducing the heating while keeping the stirring on.
62,The oily residue is cooled in a water bath with vigorous stirring using a spatula.,This part means to cool the residue in a water bath while stirring vigorously with a spatula.,The XDL language does not support the use of a spatula for stirring.,The XDL language should be extended to support manual stirring methods like using a spatula.
63,The oily residue is cooled in a water bath with vigorous stirring using a spatula,This part means to cool the residue in a water bath while stirring vigorously with a spatula.,"The XDL language does not support the use of a spatula for stirring, nor does it support the concept of a water bath for cooling.",This step cannot be executed with the current XDL language. Consider adding a manual intervention step or a note for human intervention.
64,The step involving cooling the oily residue in a water bath with vigorous stirring using a spatula.,This step is meant to cool the residue and ensure it is well-mixed using a spatula.,The XDL language does not support the use of a spatula for stirring or the specific action of cooling in a water bath.,This step cannot be executed as described in the XDL language. Consider using available stirring and cooling steps to approximate the process.
65,The mixture is stirred with a spatula after cooling in a water bath.,"This part of the procedure involves manual stirring with a spatula, which is not executable by the XDL language.",The XDL language does not support manual stirring with a spatula.,This step cannot be executed with the current XDL language and should be noted as a manual intervention step.
66,The oily residue is cooled in a water bath with vigorous stirring using a spatula,This part means to cool the residue while stirring vigorously using a spatula.,"The XDL language does not support the use of a spatula for stirring, nor does it support the concept of a water bath for cooling.",This step cannot be executed with the current XDL language. Consider adding support for manual stirring and water bath cooling in future versions of the XDL language.
67,Under an argon atmosphere,The procedure should be carried out under an inert gas atmosphere (argon).,"The XDL code does not include any steps to create an inert atmosphere, such as purging with argon.",Include steps to purge the reactor with argon before starting the procedure.
68,"Under an argon atmosphere, a 100 mL round bottom flask was charged with...",The procedure requires the use of an inert gas (argon) atmosphere.,"The XDL code does not include steps to create an inert gas atmosphere, such as purging with argon.",Include steps to purge the reactor with argon gas before adding reagents.
69,"Then, a solution of tosyl chloride (2.91 g, 15.28 mmol, 1.1 equiv) in anhydrous CH2Cl2 (10 mL) was added dropwise via cannula.",Adding a solution of tosyl chloride in anhydrous dichloromethane dropwise via cannula.,The XDL language does not support the concept of adding a solution via cannula. It only supports adding reagents directly.,Consider adding the tosyl chloride and anhydrous dichloromethane separately and then stirring to mix them.
70,"Then, a solution of tosyl chloride (2.91 g, 15.28 mmol, 1.1 equiv) in anhydrous CH2Cl2 (10 mL) was added dropwise via cannula.",This step involves preparing a solution of tosyl chloride in anhydrous dichloromethane and adding it dropwise via a cannula.,The XDL language does not support the preparation of a solution of a solid reagent in a solvent before adding it to the reaction vessel. It also does not support the use of a cannula for addition.,The XDL code should be modified to add tosyl chloride directly to the reactor and then add anhydrous dichloromethane separately. The dropwise addition can be simulated by setting the dropwise attribute to True.
71,"Subsequently, a solution of tosyl chloride (2.91 g, 15.28 mmol, 1.1 equiv) in anhydrous CH2Cl2 (10 mL) was added dropwise via cannula.",Adding a solution of tosyl chloride in anhydrous dichloromethane dropwise via cannula.,"The XDL language does not support the concept of adding a solution via cannula. The closest available step is the 'Add' step with the 'dropwise' attribute, but it does not specify the use of a cannula.","The XDL code should use the 'Add' step with the 'dropwise' attribute to simulate the addition of the solution dropwise, even though it does not specify the use of a cannula."
72,"Subsequently, a solution of tosyl chloride (2.91 g, 15.28 mmol, 1.1 equiv) in anhydrous CH2Cl2 (10 mL) was added dropwise via cannula.",Adding a solution of tosyl chloride in anhydrous CH2Cl2 dropwise via cannula.,The XDL language does not support the concept of adding a solution via cannula. It only supports adding individual reagents directly.,"The XDL code should be modified to add the tosyl chloride and CH2Cl2 separately, and the dropwise addition should be handled by the 'dropwise' attribute in the Add step."
73,"Under an argon atmosphere, a 100 mL round bottom flask was charged with 1-naphthol (2 g, 13.89 mmol, 1 equiv), DMAP (0.170 g, 1.389 mmol, 0.1 equiv), triethylamine (Et3N) (2.13 mL, 15.28 mmol, 1.1 equiv), and anhydrous dichloromethane (CH2Cl2) (50 mL).",The procedure requires the use of an inert atmosphere (argon) while adding reagents.,The XDL code does not support the explicit creation of an inert atmosphere during the addition of reagents.,"Add support for inert atmosphere creation in the XDL language, such as a step to purge the vessel with argon before adding reagents."
74,"Subsequently, a solution of tosyl chloride (2.91 g, 15.28 mmol, 1.1 equiv) in anhydrous CH2Cl2 (10 mL) was added dropwise via cannula.",The procedure requires the addition of a solution via cannula.,The XDL code does not support the explicit use of a cannula for addition.,"Add support for cannula addition in the XDL language, such as a step to specify the use of a cannula for adding solutions."
75,"Under argon atmosphere, a 100 mL round bottom flask was charged with 1-naphthol (2 g, 13.89 mmol, 1 equiv), DMAP (0.170 g, 1.389 mmol, 0.1 equiv), Et3N (2.13 mL, 15.28 mmol, 1.1 equiv) and anhydrous CH2Cl2 (50 mL).",The procedure requires the use of an inert atmosphere (argon) while adding reagents.,The XDL code does not support the use of an inert atmosphere during the addition of reagents.,Add support for inert atmosphere handling during reagent addition in the XDL language.
76,"Then, a solution of tosyl chloride (2.91 g, 15.28 mmol, 1.1 equiv) in anhydrous CH2Cl2 (10 mL) was added dropwise via cannula.",The procedure requires the addition of a reagent solution via cannula.,The XDL code does not support the use of cannula for reagent addition.,Add support for cannula-based reagent addition in the XDL language.
77,"Under Ar atmosphere, a 100 mL round bottom flask was charged with 1-naphtol (2 g, 13.89 mmol, 1 equiv), DMAP (0.170 g, 1.389 mmol, 0.1 equiv), Et3N (2.13 mL, 15.28 mmol, 1.1 equiv) and anhydrous CH2Cl2 (50 mL).",This part describes the initial setup of the reaction under an inert atmosphere (argon).,The XDL code does not include steps to create an inert atmosphere using argon gas. The steps for purging with inert gas or evacuating and refilling with inert gas are missing.,Include steps to create an inert atmosphere using argon gas before adding reagents.
78,A small amount of amidosulfonic acid was added to remove any unreacted nitrous acid.,Adding a small amount of amidosulfonic acid to the reaction mixture.,"The XDL language does not support the addition of an unspecified 'small amount' of a reagent. The amount must be specified in grams, moles, or volume.",Specify the exact amount of amidosulfonic acid to be added in the natural language procedure and then update the XDL code accordingly.
79,"In a 1 liter three-neck flask equipped with a mechanical stirrer, Y tube, dropping funnel, nitrogen inlet, and Friedrich water condenser, 300 ml of dry ether and 34 g of magnesium turnings were placed while maintaining the system under dry nitrogen.",Setting up the reaction apparatus with specific equipment and maintaining an inert atmosphere.,The XDL language does not support specifying detailed hardware setups like a three-neck flask with specific attachments or maintaining an inert atmosphere with a nitrogen inlet.,The XDL code should include steps to purge the reactor with an inert gas to simulate maintaining an inert atmosphere.
80,A crystal of iodine was added to initiate Grignard activation.,Adding a small amount of iodine to initiate the reaction.,The XDL language does not support adding a reagent in the form of a 'crystal'.,"The XDL code should include an Add step with a small amount of iodine, but the exact form (crystal) cannot be specified."
81,"At this point, confirm the absence of peaks at δ 167.36 and 99.34 in the 13C NMR, and observe new peaks at δ 151.47 and 110.28 for Alloisolongifolene.",This part of the procedure is meant to confirm the progress of the reaction using 13C NMR spectroscopy.,The XDL language does not support steps for analytical techniques like NMR spectroscopy.,This step cannot be executed in XDL and should be performed manually.
82,Crystals suitable for X-Ray diffraction analysis were obtained by slow diffusion of pentane into a CH2Cl2 solution.,"This part describes obtaining crystals by slow diffusion, which is a specific crystallization technique.",The XDL language does not have a step to perform slow diffusion crystallization.,This step cannot be executed with the current XDL language. It should be noted as a limitation.
83,The step involving the use of a mortar and pestle to grind the reagents.,This step is meant to combine and grind the solid reagents into a fine powder.,The XDL language does not have a step to represent the manual grinding of solids using a mortar and pestle.,This step cannot be executed in the XDL language. Consider using a different method to combine and grind the reagents that can be represented in XDL.
84,The step involving the use of a rock tumbler to tumble the plastic bottle for 5 hours.,This step is meant to mix the reagents thoroughly by tumbling.,The XDL language does not have a step to represent the use of a rock tumbler.,This step cannot be executed in the XDL language. Consider using a different method to mix the reagents that can be represented in XDL.
85,The step involving the vigorous shaking of the plastic bottle by hand after adding dichloromethane.,This step is meant to mix the dichloromethane with the solid reagents.,The XDL language does not have a step to represent vigorous shaking by hand.,This step cannot be executed in the XDL language. Consider using a different method to mix the dichloromethane with the solid reagents that can be represented in XDL.
86,The step involving the use of a heat gun to heat the n-heptane to boiling.,This step is meant to dissolve the crude product in boiling n-heptane.,The XDL language does not have a step to represent the use of a heat gun.,This step cannot be executed in the XDL language. Consider using a different method to heat the n-heptane that can be represented in XDL.
87,"A flame-dried 1000 mL 3-necked, round-bottomed flask equipped with a stir bar, nitrogen inlet adapter, and two septa, was placed in the glove box.",This step involves specific hardware setup and preparation that is not explicitly defined in the XDL language.,The XDL language does not support the specification of detailed hardware setup like a 3-necked flask with specific adapters and septa.,This step cannot be directly translated into XDL code. Ensure that the reactor component is properly defined and assume it is pre-equipped with necessary adapters and septa.
88,The now dry KH was placed in the flask and sealed with the septa and inlet adapter and removed from the glove box.,"This step involves manual handling and sealing of the flask, which is not supported by the XDL language.",The XDL language does not support manual handling and sealing of flasks.,Assume the reactor is pre-loaded with KH and sealed appropriately before starting the procedure.
89,The flask was then placed under a nitrogen atmosphere via the nitrogen inlet adapter.,This step involves purging the flask with nitrogen to create an inert atmosphere.,The XDL language does not support the specific action of placing a flask under a nitrogen atmosphere via an inlet adapter.,Use the StartPurge step to simulate maintaining an inert atmosphere in the reactor.
90,"The product was distilled using a Kugelrohr apparatus, coming over at approximately 155 °C at 12 mmHg.",This step involves distillation using a specific apparatus (Kugelrohr) which is not defined in the XDL language.,The XDL language does not have a step or component for distillation using a Kugelrohr apparatus.,Consider adding a new component type for distillation or using an alternative method available in the XDL language.
91,"The lithiation progress was monitored by TLC using a mobile phase of 10% ethyl acetate/hexanes; the starting material had an Rf value of 0.64, and the lithiated intermediate had an Rf value of 0.51.",This part describes the monitoring of the reaction progress using Thin Layer Chromatography (TLC).,TLC monitoring is not executable within the XDL language as it does not support analytical techniques like TLC.,This step cannot be executed in XDL. It should be noted separately as a manual step.
92,The quench with DMF was monitored through TLC using a mobile phase of 10% ethyl acetate/hexanes; the product did not move off the baseline.,This part describes the monitoring of the quenching reaction using Thin Layer Chromatography (TLC).,TLC monitoring is not executable within the XDL language as it does not support analytical techniques like TLC.,This step cannot be executed in XDL. It should be noted separately as a manual step.
93,The mixture was seeded to induce crystallization.,This step is meant to induce crystallization by adding seed crystals.,The XDL language does not have a specific step for seeding to induce crystallization.,This step cannot be executed with the current XDL language. Consider adding a new step for seeding in future versions of the XDL language.
94,The solution was poured into 300 cm3 of water and stirred with a glass rod to encourage crystallization and incorporate oxygen to oxidize any cobalt impurities to water-soluble cobalt(III).,This step involves manual stirring with a glass rod and exposure to air to incorporate oxygen.,The XDL language does not support manual stirring with a glass rod or exposure to air for oxidation.,This step cannot be executed with the current XDL language. Consider adding a step to expose the solution to air or manually handle this step outside the automated process.
95,The yellow residue was sublimed at 80°C.,"This step involves sublimation, which is a process where a solid changes directly into a gas without passing through the liquid phase.","The XDL language does not have a step for sublimation. The closest available steps are for drying and evaporating, but these do not achieve the same result as sublimation.","To improve the XDL code, a new step for sublimation should be added to the XDL language. Until then, this step cannot be executed."
96,a short air condenser was set on the flask,This step involves setting up an air condenser on the flask to allow for controlled heating and prevent loss of volatile components.,The XDL language does not have a step to set up an air condenser or any similar apparatus.,This step cannot be executed in the XDL language. Consider adding a step in the XDL language to handle the setup of additional apparatus like condensers.
97,A rubber tube connected to the water condenser led to a one-liter water-filled inverted graduate cylinder in a water trough to monitor nitrogen evolution.,This part describes a setup to monitor gas evolution using a water-filled inverted graduate cylinder.,The XDL language does not support steps for setting up or monitoring gas evolution using a water-filled inverted graduate cylinder.,This step cannot be executed in the XDL language. It should be noted as a limitation of the current XDL implementation.
98,"Dry the cake formed overnight in a hot-air oven at 110°C, then powder and calcine at 425°C for 3 hours to obtain 1.046 g of clay-Cu(II) catalyst.","This part involves drying the solid overnight in a hot-air oven, then powdering it and calcining it at a high temperature.","The XDL language does not support steps for powdering a solid or using a hot-air oven. Additionally, the drying step is not explicitly overnight.","The XDL code should include a drying step at 110°C for 12 hours, but the powdering and calcining steps cannot be executed as described."
99,The solution was sonicated at maximum power for 1-2 minutes using a laboratory ultrasound bath until the solid was completely dissolved.,This step is meant to dissolve the solid using ultrasound.,The XDL language does not have a step to perform sonication.,This step cannot be executed with the current XDL language. Consider adding a sonication step to the XDL language if this functionality is required.
100,The solution of the product in hexanes was pulled through the silica plug by vacuum from a water aspirator.,This step is meant to filter the solution through silica gel using a vacuum.,The XDL language does not have a step to specify the use of a water aspirator for vacuum filtration.,This step cannot be executed with the current XDL language. Consider adding a specific vacuum filtration step to the XDL language if this functionality is required.
101,A Schlenk condenser was fitted to the round bottom flask.,This step involves attaching a Schlenk condenser to the reaction setup.,The XDL language does not have a step to attach specific hardware like a Schlenk condenser.,This step cannot be executed in the XDL language. It should be noted as a manual step to be performed outside the automated procedure.
102,The oil was dried in a vacuum oven overnight and stored in a glove box.,This part means to dry the product in a vacuum oven and then store it in a glove box.,The XDL language does not have a step for drying in a vacuum oven or storing in a glove box.,This step cannot be executed with the current XDL language. Consider adding a new step for vacuum oven drying and glove box storage if these actions are critical.
103,"The reaction progress is monitored by TLC. If incomplete, TLC analysis is performed every few minutes until completion.",This part of the procedure involves monitoring the reaction progress using Thin Layer Chromatography (TLC) and repeating the analysis until the reaction is complete.,TLC analysis and conditional repetition based on the analysis results are not executable in the XDL language.,This step cannot be automated using the current XDL language. Manual intervention is required to monitor the reaction progress using TLC.
104,"The in-situ formation of aryl azide was monitored by TLC using EtOAc: hexane (1:1) as the mobile phase, observing the disappearance of the 4-hydroxyphenylboronic acid spot.",This step involves monitoring the reaction progress using Thin Layer Chromatography (TLC).,TLC monitoring is not executable within the XDL language as it does not support analytical techniques like TLC.,This step cannot be executed in XDL and should be noted as a manual step outside the automated procedure.
105,The completion of the reaction was monitored by TLC using EtOAc: hexane (1:1) as the mobile phase.,This step involves monitoring the reaction completion using Thin Layer Chromatography (TLC).,TLC monitoring is not executable within the XDL language as it does not support analytical techniques like TLC.,This step cannot be executed in XDL and should be noted as a manual step outside the automated procedure.
106,The step involving stirring with an overhead stirrer at 300 rpm for 18 hours to break up the lumps.,This part means to use an overhead stirrer to break up the sticky precipitate formed.,The XDL language does not support the concept of an overhead stirrer specifically for breaking up lumps.,Consider adding a custom step or using a general stir step with a note about the overhead stirrer.
107,The step involving filtering through charcoal and Celite using 10 g of flash silica gel.,"This part means to filter the reaction mixture through a combination of charcoal, Celite, and flash silica gel.",The XDL language does not support filtering through multiple agents in a single step. It only allows filtering through a single solid chemical at a time.,"The XDL code should be modified to include separate filtering steps for each agent. However, since filtering through multiple agents in a single step is not executable in XDL, this part of the procedure cannot be fully automated using the current XDL language."
108,The degassed solution was then irradiated in a pyrex vessel using a medium pressure mercury lamp for 2.5 hours.,This part means to irradiate the solution with UV light for a specified duration.,The XDL language does not have a step to perform irradiation or UV light exposure.,"To improve the XDL code, a new step for irradiation should be added to the XDL language. For now, this step cannot be executed."
109,The use of a Soxhlet extractor with a cellulose membrane insert containing MgSO4,This part is meant to continuously dry the reaction mixture using MgSO4 in a Soxhlet extractor.,The XDL language does not support the use of a Soxhlet extractor or the concept of continuous extraction with a drying agent.,"This step cannot be executed with the current XDL language. Consider using a different method for drying the reaction mixture that is supported by XDL, such as adding MgSO4 directly to the reaction mixture and stirring."
110,Use an egg-shaped magnetic follower.,The procedure specifies the use of an egg-shaped magnetic follower for stirring.,The XDL language does not support specifying the shape of the magnetic follower.,This step cannot be executed in the XDL language. Ensure that the hardware setup includes an appropriate magnetic follower manually.
111,Fit an efficient condenser and thermometer so that the temperature of the suspension can be monitored.,The procedure specifies the use of a condenser and thermometer for temperature monitoring.,The XDL language does not support specifying the use of a condenser and thermometer.,This step cannot be executed in the XDL language. Ensure that the hardware setup includes an appropriate condenser and thermometer manually.
112,"Use a heating mantle with a Heidolph magnetic stirrer. Optionally, a silicone or Lutron oil-bath can be used.",The procedure specifies the use of a heating mantle and optionally an oil-bath.,The XDL language does not support specifying the use of a heating mantle or oil-bath.,This step cannot be executed in the XDL language. Ensure that the hardware setup includes an appropriate heating mantle or oil-bath manually.
113,A rubber tube connected to the water condenser led to a one-liter water-filled inverted graduate cylinder in a water trough to monitor nitrogen evolution.,This part describes a setup to monitor gas evolution during the reaction.,The XDL language does not support steps for setting up or monitoring gas evolution using external apparatus like a water-filled inverted graduate cylinder.,This step cannot be executed in XDL and should be noted as a manual step to be performed outside the automated procedure.
114,Connect a rubber tube from the top of the water condenser to a 1 l beaker containing 500 ml of commercial Chlorox.,This step is meant to safely vent any gases produced during the reaction into a beaker containing Chlorox.,The XDL language does not support steps involving the connection of rubber tubes or the use of external beakers for gas venting.,This step cannot be executed in the XDL language. Ensure that the reaction setup is safe and compliant with laboratory safety standards.
115,The step involving grinding the reagents by pestle and mortar.,This step is meant to ensure a uniform mixture of the solid reagents before transferring them to the flask.,The XDL language does not have a step to represent manual grinding of solids.,This step cannot be executed in the XDL language. It should be noted as a manual pre-processing step before starting the automated procedure.
116,Localized heating of the apparatus using a hot-air gun where vapors condense.,This step is meant to ensure that vapors condense back into the reaction mixture.,The XDL language does not support localized heating with a hot-air gun.,This step cannot be executed in the XDL language. It should be noted as a manual intervention during the heating process.
117,The mixture was allowed to warm to 0°C and stirred for 1 hour.,This step involves allowing the mixture to warm naturally to 0°C and then stirring it for 1 hour.,The XDL language does not support a step to allow a mixture to warm naturally to a specific temperature. It only supports active heating or chilling.,"To improve the XDL code, you can use the HeatChillToTemp step to actively warm the mixture to 0°C and then stir it for 1 hour."
118,The mixture was allowed to warm to 0°C and stirred for an additional 2.5 hours in the dark.,This step involves allowing the mixture to warm naturally to 0°C and then stirring it for 2.5 hours in the dark.,The XDL language does not support a step to allow a mixture to warm naturally to a specific temperature. It only supports active heating or chilling.,"To improve the XDL code, you can use the HeatChillToTemp step to actively warm the mixture to 0°C and then stir it for 2.5 hours."
119,The flask was equipped with a 1M NaOH scrubber.,This step involves setting up a scrubber to remove acidic gases.,The XDL language does not have a step or component to represent the setup of a scrubber.,This step cannot be executed with the current XDL language. Consider adding a new component or step to handle scrubbers in future versions of the XDL language.
120,The solution was then concentrated and purified by vacuum distillation using a 12 cm Vigreux column.,This step involves concentrating the solution and purifying it using vacuum distillation with a specific column.,The XDL language does not have a step or component to represent vacuum distillation with a specific column.,This step cannot be executed with the current XDL language. Consider adding a new component or step to handle vacuum distillation with specific columns in future versions of the XDL language.
121,"Swell a few beads of resin in a drop of N,N-dimethylformamide (DMF) and add a single drop of the 2,4-DNP solution.","This step involves swelling resin beads in DMF and then adding a drop of the 2,4-DNP solution to the swollen beads.","The XDL language does not have a specific step for swelling resin beads in a solvent. Additionally, adding a single drop of a solution to the swollen beads is not explicitly supported by the XDL language.","Consider adding a custom step or a combination of existing steps to approximate this process, if possible."
122,"if the diisopropylamine hydrochloride precipitate that forms clogs the reaction mixture, more dry ether may be added as needed",This part means to add more dry ether if the precipitate clogs the reaction mixture.,The XDL language does not support conditional steps based on the state of the reaction mixture.,This step cannot be executed in the XDL language as it requires conditional logic based on the state of the reaction mixture.
123,The filtration under dry N2,The filtration step should be performed under an inert atmosphere (dry N2).,The XDL language does not support performing filtration under an inert atmosphere directly.,"The XDL language should be extended to support filtration under an inert atmosphere, or an alternative method should be used to ensure the filtration is performed under dry N2."
124,Dry the product in air for 2 days to yield 81.2 g of product.,This step involves air drying the product for 2 days.,The XDL language does not support air drying for such a long period (2 days). The 'Dry' step in XDL is typically used for vacuum drying and has a default time of 1 hour.,"This step cannot be executed as described in the XDL language. Consider using a 'Dry' step with a long duration, but it won't be exactly the same as air drying."
125,cool overnight in a fridge,This step involves cooling the mixture overnight in a fridge.,"The XDL language does not support cooling overnight in a fridge. The 'HeatChill' step can be used for cooling, but it is not designed for such long durations.","This step cannot be executed as described in the XDL language. Consider using a 'HeatChill' step with a long duration, but it won't be exactly the same as cooling overnight in a fridge."
126,The step 'dried under a stream of nitrogen' is not executable with XDL code.,This part means to dry the filtered product using a stream of nitrogen gas.,The XDL language does not have a step to dry a solid under a stream of nitrogen gas.,This step cannot be executed with the current XDL language. Consider using the 'Dry' step with a rotavap or reactor if applicable.
127,The distillation step using a Kugelrohr apparatus,Distilling the product at approximately 155 °C at 12 mmHg,The XDL language does not have a specific step for distillation using a Kugelrohr apparatus. The 'Distill' step is not defined in the provided XDL language documentation.,"Remove the 'Distill' step and consider using the 'Evaporate' step with appropriate parameters if it can achieve the same result, or add a custom step if the platform allows for it."
128,Wash the lithium metal once with dry THF (20 mL) using a syringe.,This step involves washing the lithium metal with dry THF using a syringe.,The XDL language does not have a specific step for washing a solid reagent with a solvent using a syringe.,This step cannot be directly translated into XDL code. Consider manually performing this step or developing a custom hardware component and step for washing solids.
129,A rubber tube connected to the water condenser led to a one-liter water-filled inverted graduate cylinder in a water trough for monitoring nitrogen evolution.,This part describes a setup for monitoring nitrogen gas evolution during the reaction.,The XDL language does not support steps for setting up or monitoring gas evolution using external apparatus like a water-filled inverted graduate cylinder.,This step cannot be executed in XDL and should be noted as a manual step to be performed outside the automated procedure.
130,TLC analysis using silica gel and ethyl acetate eluent showed primarily the 4-isomer with traces of the 5-isomer.,This part describes performing Thin Layer Chromatography (TLC) to analyze the reaction mixture.,The XDL language does not support steps for performing TLC analysis.,This step cannot be executed in XDL and should be noted as a manual step to be performed outside the automated procedure.
131,The addition of '4 drops' of concentrated hydrochloric acid,"Adding a small, precise amount of a liquid reagent",The XDL language does not support the addition of reagents in 'drops'. It only supports volume or amount.,Convert the drops to a measurable volume and use the Add step with the volume attribute.
132,"4-Bromophenol (12.1 g, 0.07 mol) and imidazole (16.5 g, 0.24 mol) were dried in a dessicator over P2O5.",This step involves drying the reagents in a desiccator over P2O5.,The XDL language does not have a step to represent drying reagents in a desiccator over P2O5.,This step cannot be executed in the XDL language. Consider adding a custom step or note to indicate that the reagents should be pre-dried before starting the procedure.
133,"The residue distilled to give a colorless oil, 19.8 g (98%), boiling point 67-68 ºC at 0.01 mm Hg.",This step involves distilling the residue to obtain the final product.,The XDL language does not have a step to represent distillation.,This step cannot be executed in the XDL language. Consider adding a custom step or note to indicate that the residue should be distilled to obtain the final product.
134,The use of AddSolid steps in the XDL code,Adding solid reagents to a vessel,The AddSolid step is deprecated and should be replaced with the Add step,Replace AddSolid steps with Add steps using the solid attribute
135,"Sodium peroxide is added very slowly, typically a few grains every 5 minutes, until the reaction is complete.",This part means to add sodium peroxide incrementally over a period of time until the reaction is complete.,The XDL language does not support incremental addition of a reagent over a period of time in a single step. The 'Add' step does not allow for specifying incremental additions.,"To improve the XDL code, a series of 'Add' steps with 'Wait' steps in between can be used to simulate the incremental addition of sodium peroxide."
136,"After about 30 minutes, carbon dioxide gas (dried through a CaCl2 tube) was passed through the solution.",Passing carbon dioxide gas through the solution to react with the mixture.,The XDL language does not support the step of passing a gas through a solution with a specific drying agent (CaCl2 tube).,This step cannot be executed as described in the XDL language. Consider using a general gas purge step without specifying the drying agent.
137,The reaction mixture was poured onto an ice-brine solution and then extracted with ether.,Pouring the reaction mixture onto an ice-brine solution and then performing an extraction with ether.,The XDL language does not support the step of pouring a mixture onto another solution directly.,"This step cannot be executed as described in the XDL language. Consider using a transfer step to move the mixture to a vessel containing the ice-brine solution, followed by an extraction step."
138,The step involving canula filtration under a dry inert atmosphere.,This part means to filter the precipitate while maintaining an inert atmosphere.,The XDL language does not support canula filtration or maintaining an inert atmosphere during filtration.,This step cannot be executed with the current XDL language. Consider adding support for canula filtration under inert atmosphere in future versions.
139,The step where the solid is dried with a flow of air through a Buchner funnel.,This step is meant to dry the solid using air flow.,The XDL language does not have a step to dry a solid using a flow of air through a Buchner funnel.,This step cannot be executed with the current XDL language. Consider using the 'Dry' step with a rotavap or reactor instead.
140,The oil was further dried in a vacuum oven overnight and stored in a glove box.,This step involves drying the product in a vacuum oven and storing it in a glove box.,The XDL language does not have a step for using a vacuum oven or storing in a glove box.,This step cannot be executed with the current XDL language. Consider adding support for vacuum oven drying and glove box storage in future versions of the XDL language.
141,The reaction mixture was then vacuum distilled from the same flask using a short Vigreux column (10 cm).,This part of the procedure involves vacuum distillation using a Vigreux column.,The XDL language does not have a specific step for vacuum distillation or the use of a Vigreux column.,Consider adding a new step in the XDL language to handle vacuum distillation with a Vigreux column.
142,The step involving the addition of hydrochloric acid until the pH reaches approximately 8 as measured by pH paper.,This step aims to adjust the pH of the mixture to approximately 8 by adding hydrochloric acid dropwise.,The XDL language does not support pH measurement or conditional steps based on pH.,"This step cannot be executed as described in the XDL language. A workaround would be to add a predefined volume of hydrochloric acid, but this would not ensure the pH reaches 8."
143,"To add an embedded object to your article, follow these steps: 1. Click on the 'Insert/embed media' button located on the top row of buttons in the toolbar. 2. A dialog box will appear. 3. Paste the embed code into the provided box. This will automatically fill in the Type, File/URL, and dimensions. Alternatively, you can manually set these parameters. 4. If you wish for the embed to open in a separate window, you can check the corresponding box and/or provide a caption for the link that will be displayed in the body of your article. 5. Finally, press the 'Insert' button. Note: Only YouTube, JoVE, and ChemSpider embeds are currently supported, although the list can be extended.","This part of the natural language procedure seems to be instructions for embedding media in an article, which is unrelated to the chemical synthesis procedure.",The instructions for embedding media are not relevant to the chemical synthesis procedure and cannot be executed using the XDL language.,Remove this part from the natural language description as it is not relevant to the chemical synthesis procedure.
144,The Schlenk vessel was then transferred to a glove box where the solid was scraped from the sides of the vessel and ground into a fine powder.,"This step involves manual handling of the solid, which includes scraping and grinding.",The XDL language does not support manual handling steps such as scraping and grinding of solids.,This step cannot be executed with the current XDL language and should be noted as a manual intervention required.
145,"monitored by TLC, approximately 1 hour",Monitoring the reaction progress using Thin Layer Chromatography (TLC),TLC monitoring is not a step that can be executed in the XDL language as it involves manual intervention and analysis.,This step cannot be automated using the current XDL language and should be noted as a manual step in the procedure documentation.
146,The step involving the use of a mortar and pestle to grind the reagents.,This step is meant to combine and grind the solid reagents into a fine powder.,The XDL language does not have a step to represent the manual grinding of reagents using a mortar and pestle.,"This step cannot be executed in the XDL language. Consider using a different method that can be represented in XDL, such as using a mechanical grinder if available."
147,The step involving the use of a rock tumbler to tumble the plastic reagent bottle.,This step is meant to mix the reagents thoroughly by tumbling the bottle for 5 hours.,The XDL language does not have a step to represent the use of a rock tumbler.,"This step cannot be executed in the XDL language. Consider using a different method that can be represented in XDL, such as using a mechanical stirrer if available."
148,The step involving the vigorous shaking of the container by hand after adding dichloromethane.,This step is meant to mix the dichloromethane with the contents of the container.,The XDL language does not have a step to represent the manual shaking of a container.,This step cannot be executed in the XDL language. Consider using a mechanical stirrer or shaker if available.
149,"An oven-dried one liter three-neck flask was equipped with a mechanical stirrer, heating mantle, dropping funnel, nitrogen inlet, Friedrich water condenser, and calcium chloride drying tube.",This part describes the setup of the reaction apparatus.,"The XDL language does not support the specification of detailed hardware setup like mechanical stirrer, heating mantle, dropping funnel, nitrogen inlet, Friedrich water condenser, and calcium chloride drying tube.",This step cannot be executed in XDL and should be noted as a limitation of the current XDL language.
150,The flask was then immersed in a dry ice/acetone bath maintained at approximately -20°C.,This part describes immersing the flask in a dry ice/acetone bath to maintain a specific temperature.,The XDL language does not support the specification of immersing a flask in a specific type of cooling bath.,This step cannot be executed in XDL and should be noted as a limitation of the current XDL language.
151,"The mixture was stirred manually with the mechanical stirrer until two clear layers were present, and all excess magnesium chips and salts had dissolved.",This part describes manual stirring until two clear layers are present and all excess magnesium chips and salts have dissolved.,The XDL language does not support manual stirring or the observation of clear layers and dissolution of solids.,This step cannot be executed in XDL and should be noted as a limitation of the current XDL language.
152,The use of a Schlenk flask and drying in vacuo at ambient temperature,The procedure involves transferring the dried solid to a Schlenk flask and drying it in vacuo at ambient temperature for approximately an hour.,The XDL language does not support the use of a Schlenk flask or the specific step of drying in vacuo at ambient temperature.,This step cannot be executed with the current XDL language. Consider using available hardware like a reactor or rotavap for drying steps.
153,The CO2 gas was produced by subliming cardice and passing it through 4 Å molecular sieves in a Dreschel bottle before introducing it into the reaction solution via a syringe needle.,This part describes the preparation of CO2 gas before it is introduced into the reaction solution.,"The XDL language does not support steps for subliming cardice, passing it through molecular sieves, or using a Dreschel bottle and syringe needle.",This step cannot be executed in the XDL language. It should be assumed that CO2 gas is available and directly used in the procedure.
154,Carbon dioxide gas (dried through a CaCl2 tube) was passed through the solution.,Passing carbon dioxide gas through the solution to react with the mixture.,The XDL language does not support a step for passing gas through a solution other than purging with inert gas.,Consider adding a custom step or modifying the XDL language to support passing reactive gases through a solution.
155,The use of a reflux condenser fitted with a bubbler,"This part of the procedure is meant to maintain a controlled environment during the reaction, preventing the escape of volatile components and ensuring the reaction proceeds under reflux conditions.",The XDL language does not have a specific step or component to represent the use of a reflux condenser or a bubbler.,"Consider adding a custom component or step in the XDL language to represent the use of a reflux condenser and bubbler, or provide a detailed description of how to simulate this setup using existing components."
156,"The resulting solution was then subjected to pXRD analysis (Figs. 2-3), DSC (Fig.4), and TGA (Fig. 5) to demonstrate the crystalline character of the Naltrexone methobromide.","This part of the procedure involves analytical techniques (pXRD, DSC, TGA) to characterize the crystalline nature of the compound.","The XDL language does not support steps for analytical techniques such as pXRD, DSC, and TGA.",These analytical steps cannot be executed within the XDL language. They should be noted as manual steps to be performed outside the automated procedure.
157,A slow stream of chlorine was passed into the solution through a delivery tube until the blue color changed to green.,This step involves passing chlorine gas into the solution until a color change is observed.,The XDL language does not support steps involving color change detection or the use of a delivery tube for gas introduction.,This step cannot be executed with the current XDL language. Consider adding a new step to handle gas introduction with color change detection.
158,The excess chlorine and ether were removed in a fume cupboard with a stream of air.,This step involves removing excess chlorine and ether using a stream of air in a fume cupboard.,The XDL language does not support steps involving the use of a fume cupboard or the introduction of a stream of air for removal of gases.,This step cannot be executed with the current XDL language. Consider adding a new step to handle the removal of gases using a stream of air.
159,The blue eluate was concentrated and cooled with dry ice and acetone to afford a blue solid.,This step involves concentrating the blue eluate and cooling it with dry ice and acetone to obtain a blue solid.,The XDL language does not support steps involving the use of dry ice and acetone for cooling.,This step cannot be executed with the current XDL language. Consider adding a new step to handle cooling with dry ice and acetone.
160,"The blue solid was filtered off, placed in an agate mortar, and warmed until it melted to a blue oil.","This step involves filtering the blue solid, placing it in an agate mortar, and warming it until it melts to a blue oil.",The XDL language does not support steps involving the use of an agate mortar or the manual warming of a solid until it melts.,This step cannot be executed with the current XDL language. Consider adding a new step to handle the use of an agate mortar and manual warming.
161,"After a few days in a refrigerator, the oil solidified to a colorless solid, which was ground to a colorless amorphous solid.","This step involves storing the oil in a refrigerator for a few days until it solidifies, and then grinding the solid to an amorphous form.",The XDL language does not support steps involving long-term storage in a refrigerator or the manual grinding of a solid.,This step cannot be executed with the current XDL language. Consider adding a new step to handle long-term storage and manual grinding.
162,Connect a rubber tube from the water condenser to a one-liter water-filled inverted graduate cylinder in a water trough to monitor nitrogen evolution.,This step is meant to monitor the evolution of nitrogen gas during the reaction.,The XDL language does not support steps for setting up gas monitoring equipment or connecting rubber tubes to condensers.,This step cannot be executed in the XDL language. It should be noted as a manual step to be performed outside the automated procedure.
163,The reaction is gently exothermic with gas evolution into the inverted graduate cylinder.,This step describes the observation of gas evolution during the reaction.,The XDL language does not support steps for observing gas evolution or exothermic reactions.,This step cannot be executed in the XDL language. It should be noted as an observation to be made manually.
164,Identify the copious white precipitate as oxauracil by TLC using silica gel and ethyl acetate eluent.,This step involves identifying the product using Thin Layer Chromatography (TLC).,The XDL language does not support steps for performing TLC or identifying products using TLC.,This step cannot be executed in the XDL language. It should be noted as a manual step to be performed outside the automated procedure.
165,The mixture was seeded to induce crystallization.,This step is meant to induce crystallization by adding seed crystals.,The XDL language does not have a specific step for seeding to induce crystallization.,This step cannot be executed with the current XDL language. Consider adding a custom step for seeding in future versions of the XDL language.
166,"The air was evacuated with a diaphragm pump through the septum using a needle. A balloon of hydrogen replaced the diaphragm pump, and the evacuation process was repeated once more.",This part describes the evacuation of air and refilling with hydrogen using a diaphragm pump and a balloon.,"The XDL language does not support the use of a diaphragm pump or a balloon for evacuation and refilling. It only supports the EvacuateAndRefill step, which does not specify the use of a diaphragm pump or balloon.","Use the EvacuateAndRefill step with the gas attribute set to hydrogen and repeats set to 2, which is already correctly implemented in the XDL code."
167,The reaction mixture was filtered through a pad of celite® in a sintered funnel under a blanket of nitrogen.,This part describes filtering the reaction mixture through celite under a nitrogen atmosphere.,The XDL language does not support specifying a nitrogen atmosphere during filtration.,"The current XDL code uses FilterThrough with celite, which is the closest possible implementation. No further action is needed."
168,The step involving the use of GC/MS analysis to confirm the completion of the reaction.,This part means to check the progress of the reaction using GC/MS analysis.,The XDL language does not support steps for analytical techniques like GC/MS analysis.,This step cannot be executed in the XDL language and should be noted as a manual step outside the automated procedure.
169,The step involving the assembly of a plug of silica with filter paper and pre-wetting with hexanes.,This part means to prepare a silica plug with filter paper and pre-wet it with hexanes.,The XDL language does not support steps for manually assembling a plug of silica with filter paper and pre-wetting it.,This step cannot be executed in the XDL language and should be noted as a manual step outside the automated procedure.
170,air dried by allowing it to stand in the air on a small watch glass,This step is meant to dry the precipitate by exposing it to air.,The XDL language does not have a step to allow a solid to stand in the air for drying.,This step cannot be executed in the XDL language. Consider using a drying step with a rotavap or reactor if applicable.
171,The step involving the use of a glove box to scrape and grind the solid into a fine powder.,This step is meant to handle the solid product in an inert atmosphere and prepare it for further processing.,The XDL language does not have a step to handle manual operations like scraping and grinding solids.,This step cannot be executed in the XDL language. It should be noted as a manual step to be performed outside the automated procedure.
172,The Schlenk technique and the use of a cannula to add the acetic acid and water mixture to the Iron powder while allowing evolved H2 gas to escape through a needle in the septum.,This part of the procedure is meant to safely add the acetic acid and water mixture to the Iron powder while managing the evolved hydrogen gas.,The XDL language does not support the Schlenk technique or the use of a cannula and needle for gas management.,This step cannot be directly translated into XDL. Consider using a different method to add the mixture and manage the gas evolution.
173,The use of a glove box to scrape the solid from the sides of the vessel and grind it into a fine powder.,This part of the procedure is meant to handle the solid product in an inert atmosphere and prepare it for further processing.,The XDL language does not support manual operations like scraping and grinding solids.,This step cannot be directly translated into XDL. Consider handling this step manually outside of the automated procedure.
174,The step involving grinding the reagents together in a mortar and pestle for 1-2 minutes.,This step is meant to mix the solid reagents thoroughly to form a fine powder.,The XDL language does not have a step to represent manual grinding or mixing of solids in a mortar and pestle.,This step cannot be executed in the XDL language. Consider using a different method or hardware that can be represented in XDL.
175,The step involving placing the plastic reagent bottle with grinding media inside a rock tumbler container and tumbling for 5 hours.,This step is meant to further mix and react the reagents by tumbling.,The XDL language does not have a step to represent the action of tumbling in a rock tumbler.,This step cannot be executed in the XDL language. Consider using a different method or hardware that can be represented in XDL.
176,The step involving vigorously shaking the container by hand after adding dichloromethane.,This step is meant to ensure thorough mixing of the dichloromethane with the solid mixture.,The XDL language does not have a step to represent manual shaking by hand.,This step cannot be executed in the XDL language. Consider using a different method or hardware that can be represented in XDL.
177,The step involving decanting the hot solution into a pre-cooled beaker.,This step is meant to separate the hot solution from the dark oily residue.,The XDL language does not have a step to represent manual decanting.,This step cannot be executed in the XDL language. Consider using a different method or hardware that can be represented in XDL.
178,Add 1 iodine crystal to the vessel.,Adding a single crystal of iodine to the reaction vessel.,The XDL language does not support specifying the amount of a solid reagent in terms of 'crystal'.,Specify the amount of iodine in grams or another supported unit.
179,Pour the reaction mixture into 200 mL of a 20% sodium carbonate solution while stirring to neutralize the acid.,This step involves neutralizing the acid by pouring the reaction mixture into a sodium carbonate solution.,"The XDL language does not have a direct way to 'pour' one solution into another while stirring. The closest available steps are 'Transfer' and 'Add', but these do not fully capture the action of pouring while stirring.","Consider using a combination of 'Transfer' and 'Stir' steps to approximate this action. However, the exact action of pouring while stirring is not directly executable in XDL."
180,The vacuum distillation step at 43°C and 7 x 10^-2 mbar,This step is meant to purify the product by distillation under reduced pressure.,"The XDL language does not have a specific step for vacuum distillation. The closest step, 'Evaporate', is used for solvent removal and not for distillation.",Consider adding a new step for vacuum distillation in the XDL language or use a combination of existing steps to approximate the process.
181,"CO2 gas was produced by filling a round-bottom flask with dry ice, allowing the dry ice to sublime and pass through 4 Å molecular sieves in a Dreschel bottle, before being introduced into the reaction solution via a syringe needle.",This part describes the generation and purification of CO2 gas before it is introduced into the reaction solution.,The XDL language does not have steps to describe the generation and purification of gases using dry ice and molecular sieves.,This step cannot be executed in the XDL language. The CO2 gas introduction should be simplified to just purging with CO2.
182,In a two-necked 125 mL round-bottom flask equipped with an addition funnel and a reflux condenser fitted with a bubbler,This part describes the specific setup of the reaction apparatus.,"The XDL language does not support specifying the exact configuration of the reaction apparatus, such as a two-necked flask, addition funnel, or reflux condenser.",The XDL code should focus on the steps that can be executed with the available hardware components. The specific setup details should be documented separately.
183,The step involving the evaporation of excess chlorine and diethyl ether under a stream of air in a fume hood.,This step aims to remove excess chlorine and diethyl ether by evaporation under a stream of air.,The XDL language does not support the use of a stream of air for evaporation. It only supports evaporation using a rotavap or drying under vacuum.,Replace this step with an evaporation step using the rotavap.
184,The step involving the storage of the blue oil in a refrigerator at 4°C for a few days until it solidifies.,This step aims to store the blue oil at a low temperature for a few days to allow it to solidify.,The XDL language does not support long-term storage steps or steps that span multiple days.,This step cannot be executed in the XDL language and should be noted as a manual step outside the automated procedure.
185,"To a 5-liter three-neck flask, equipped with a mechanical stirrer set to 1000 rpm, Friedrich water condenser, Y tube, 1-liter pressure equalized dropping funnel, nitrogen inlet, and calcium chloride drying tube",This part describes the specific setup of the reaction apparatus.,"The XDL language does not support specifying detailed hardware configurations such as a Friedrich water condenser, Y tube, pressure equalized dropping funnel, nitrogen inlet, and calcium chloride drying tube.",The XDL code should focus on the steps that can be executed with the available hardware components. Ensure that the reactor is used appropriately for the reaction steps.
186,Analyze two fractions by gas chromatography using a 5 ft x 0.25 inch Triton-X 305 column,This part describes the analysis of the fractions using gas chromatography.,The XDL language does not support analytical steps such as gas chromatography.,The XDL code should end with the final product isolation steps. Analytical steps should be documented separately.
187,Combine the fractions and separate the components by preparative gas chromatography using an 8 ft x 1 inch column packed with Triton X 305,This part describes the separation of components using preparative gas chromatography.,The XDL language does not support preparative gas chromatography.,The XDL code should focus on the steps leading up to the final product isolation. Preparative chromatography should be documented separately.
188,Completion of the reaction was monitored by TLC (by observing the disappearance of ortho-cresol on TLC).,This step involves monitoring the reaction progress using Thin Layer Chromatography (TLC).,TLC monitoring is not a step that can be executed within the XDL language as it involves manual observation and analysis.,This step cannot be automated using the XDL language and should be performed manually.
189,The foam was left to dry under vacuum (0 mbar) for 1 hour before being broken up using a spatula.,This step involves manually breaking up the dried foam with a spatula.,The XDL language does not support manual operations such as breaking up a solid with a spatula.,This step cannot be automated with the current XDL language and should be noted as a manual intervention.
190,"To a 5-liter three-neck flask, equipped with a mechanical stirrer, Friedrich water condenser, Y tube, 1-liter pressure-equalized dropping funnel, nitrogen inlet, and calcium chloride drying tube",Setting up the specific hardware configuration for the reaction,The XDL language does not support specifying detailed hardware configurations such as a three-neck flask with specific attachments.,The XDL code should focus on the essential steps and use available hardware components. The detailed setup should be documented separately.
191,Analyze two fractions by gas chromatography (5 ft x 0.25 inch Triton-X 305 column),Analyzing the product fractions using gas chromatography,The XDL language does not support analytical steps such as gas chromatography.,The analysis step should be documented separately and not included in the XDL code.
192,Combine the fractions and separate the components by preparative gas chromatography using an 8 ft x 1 inch column packed with Triton X 305,Separating the components using preparative gas chromatography,The XDL language does not support preparative gas chromatography.,The separation step should be documented separately and not included in the XDL code.
193,The step involving drying over anhydrous sodium sulfate for 30 minutes.,This step is meant to remove water from the reaction mixture using a drying agent.,"The XDL language does not support a direct step for drying over a solid drying agent like sodium sulfate. The closest available step is FilterThrough, which requires a cartridge.",Use the FilterThrough step with a cartridge containing sodium sulfate to achieve the drying effect.
194,"Place 0.56 g (4.0 mmol) of 1,4-dimethoxybenzene in a mortar and pestle.",This step involves manually placing a solid reagent in a mortar and pestle.,The XDL language does not support the use of a mortar and pestle for grinding or manual placement of reagents.,This step cannot be executed in the XDL language. Consider using a different method or hardware that is supported by XDL.
195,Grind the mixture for approximately 15 minutes until it attains a uniform waxy texture.,This step involves manually grinding the mixture to achieve a uniform texture.,The XDL language does not support manual grinding or achieving a specific texture through grinding.,This step cannot be executed in the XDL language. Consider using a different method or hardware that is supported by XDL.
196,"While continuing to grind, add water to the mortar until the mixture is sufficiently wet.",This step involves adding water while manually grinding the mixture.,The XDL language does not support the simultaneous manual grinding and addition of reagents.,This step cannot be executed in the XDL language. Consider using a different method or hardware that is supported by XDL.
197,Gradually heat the flask with a heat gun while adding 95% ethanol until the solid is completely dissolved.,This step involves manually heating the flask with a heat gun while adding ethanol.,The XDL language does not support the use of a heat gun or the simultaneous manual addition of reagents while heating.,This step cannot be executed in the XDL language. Consider using a different method or hardware that is supported by XDL.
198,The use of a domestic microwave oven adapted to fit a reflux condenser,Heating the reaction mixture using a microwave oven with a reflux condenser,The XDL language does not support the use of a microwave oven for heating. It only supports heating using temperature control steps like HeatChill and HeatChillToTemp.,Replace the microwave heating step with a standard heating method using the available XDL steps.
199,dried under dry nitrogen (N2),Drying the solid product under a stream of dry nitrogen gas.,The XDL language does not have a step to dry a solid under a stream of nitrogen gas.,Consider adding a step to dry the solid under a stream of nitrogen gas in future versions of the XDL language.
200,The step involving thin-layer chromatography (TLC) to check the reaction progress.,This step is used to monitor the reaction progress and identify the product.,TLC is not a step that can be executed within the XDL language as it involves manual intervention and analysis.,This step cannot be automated using the XDL language and should be performed manually.
201,The step involving high-performance liquid chromatography (HPLC) for purification.,This step is used to purify the crude product and separate diastereomers.,HPLC is not a step that can be executed within the XDL language as it involves specialized equipment and manual intervention.,This step cannot be automated using the XDL language and should be performed manually.
202,Maintain an argon atmosphere using a balloon or a Schlenk line,This part means to keep the reaction under an inert atmosphere continuously.,The XDL language does not have a specific step to maintain an inert atmosphere using a balloon or Schlenk line.,Use StartPurge and StopPurge to simulate maintaining an inert atmosphere.
203,Monitor the reaction progress using TLC.,This step involves monitoring the reaction progress using Thin Layer Chromatography (TLC).,The XDL language does not have a step for monitoring reaction progress using TLC.,This step cannot be executed with the current XDL language. It should be noted as a manual step to be performed by the chemist.
204,Distill the product using a Kugelrohr apparatus at 155°C and 12 mmHg.,This step is meant to distill the product using a specific apparatus (Kugelrohr) at given conditions.,"The XDL language does not have a specific step for distillation using a Kugelrohr apparatus. The closest step is 'Distill', but it is not defined in the provided XDL language.","Since the XDL language does not support a specific distillation step, this step cannot be executed as described. Consider adding support for a distillation step in future versions of the XDL language."
205,Monitor the progress of the reaction by 1H NMR.,This step is meant to check the progress of the reaction using 1H NMR spectroscopy.,The XDL language does not support steps for analytical techniques like 1H NMR.,This step cannot be executed in the XDL language. It should be noted as a manual step to be performed outside the automated procedure.
206,Reaction completion was monitored by taking an aliquot every two hours and analyzing it by 1H NMR.,This step involves taking samples at regular intervals and analyzing them using NMR spectroscopy.,The XDL language does not support steps for taking aliquots and performing NMR analysis.,This step cannot be executed with the current XDL language. Consider adding support for sampling and analysis steps in future versions of the XDL language.
207,Add glacial acetic acid dropwise until the mixture is acidified to a pH of approximately 2.,This step aims to acidify the mixture to a specific pH by adding glacial acetic acid dropwise.,"The XDL language does not support pH measurement or control. Therefore, it is not possible to ensure the mixture reaches a pH of approximately 2 using the current XDL steps.","This step cannot be executed as described in the XDL language. A workaround would be to add a predefined volume of glacial acetic acid, but this would not guarantee the desired pH."
208,The step involving the evaporation of excess chlorine and diethyl ether by passing a stream of air over the solution in a fume hood until dry.,This step aims to remove excess chlorine and diethyl ether by using a stream of air.,The XDL language does not have a step to pass a stream of air over a solution to evaporate solvents.,This step cannot be executed with the current XDL language. Consider using an alternative method such as using a rotavap for evaporation.
209,The step involving the storage of the blue oil in a refrigerator at 4°C for 3 days until it solidified to a colorless solid.,This step aims to store the blue oil at a low temperature for an extended period to allow it to solidify.,The XDL language does not support long-term storage steps or steps that involve waiting for days.,This step cannot be executed with the current XDL language. Consider noting this step as a manual intervention.
210,"Then, add water until the water phase has twice the volume of the organic phase, which can be estimated visually.",This step aims to adjust the volume of the water phase to be twice that of the organic phase.,The XDL language does not support visual estimation or conditional volume adjustments based on phase volumes.,"This step cannot be directly translated into XDL code. A fixed volume of water should be added instead, based on prior knowledge or estimation."
211,Monitor the reaction for gas evolution.,This step is meant to observe the reaction for the evolution of HBr gas.,The XDL language does not have a step to monitor gas evolution.,This step cannot be executed in the XDL language. It should be noted as a manual observation step.
212,Add 1M HCl until the pH is acidic (pH < 7).,This step is meant to adjust the pH of the mixture to below 7 using 1M HCl.,The XDL language does not have a step to monitor or adjust pH.,This step cannot be executed in the XDL language. It should be noted as a manual pH adjustment step.
213,Monitor the reaction for gas evolution.,This part means to observe the reaction until gas evolution ceases.,The XDL language does not have a step to monitor gas evolution.,This step cannot be executed in XDL. Consider adding a manual observation step in the natural language procedure.
214,Monitor the reaction for gas evolution.,This step is meant to observe the reaction for the evolution of HBr gas.,The XDL language does not have a step to monitor gas evolution.,This step cannot be executed in the XDL language. Consider adding a manual observation step outside of the automated procedure.
215,Add 1M HCl until the pH is acidic (pH < 7).,This step is meant to adjust the pH of the solution to be acidic.,The XDL language does not have a step to adjust pH based on measurement.,This step cannot be executed in the XDL language. Consider adding a manual pH adjustment step outside of the automated procedure.
216,Heat the mixture to 100 °C and maintain this temperature until no further evolution of HBr is observed.,"This step involves heating the mixture until a specific chemical reaction endpoint is reached, which is indicated by the cessation of HBr evolution.",The XDL language does not support conditional steps based on the observation of gas evolution or any other real-time monitoring of reaction progress.,"This step cannot be directly translated into XDL. Instead, a fixed time for heating can be used, but this may not be accurate for the reaction endpoint."
217,Add 1M HCl until the pH is acidic (pH < 7).,This step involves adding 1M HCl to adjust the pH of the solution until it becomes acidic.,The XDL language does not support pH monitoring and adjustment steps.,"This step cannot be directly translated into XDL. Instead, a fixed volume of 1M HCl can be added, but this may not accurately achieve the desired pH."
218,"The product was recrystallized by dissolving it in a minimal amount of hot ethanol, then adding water dropwise until the solution became cloudy, followed by cooling to room temperature and filtering the crystals.","This part describes the recrystallization process, which involves dissolving the product in hot ethanol, adding water dropwise until cloudiness appears, cooling to room temperature, and filtering the crystals.","The XDL language does not have a direct way to handle the recrystallization process, especially the part where the solution is made cloudy by adding water dropwise and then cooling to room temperature before filtering.","Consider adding a custom step or a series of steps to handle recrystallization, including dissolving, adding water dropwise, cooling, and filtering."
219,The mixture was then cooled to room temperature (25 °C) and extracted by adding the reaction mixture dropwise to 100 mL of saturated NaHCO3 solution.,This step involves adding the reaction mixture dropwise to the NaHCO3 solution.,The XDL language does not support adding one mixture dropwise to another mixture directly.,Consider breaking this step into two parts: transferring the reaction mixture to a new vessel and then adding the NaHCO3 solution dropwise.
220,monitoring the pH until it reaches approximately 7.0,Adjusting the pH of the solution to neutral by adding saturated aqueous ammonium chloride and 1 M hydrochloric acid,The XDL language does not have a step to monitor and adjust pH dynamically.,"This step cannot be executed as described. Instead, a fixed volume of acid and base can be added, but the exact pH adjustment cannot be automated."
221,dilute it with saturated aqueous ammonium chloride and 1 M hydrochloric acid until the pH is approximately 7.0,Adjusting the pH of the solution to approximately 7.0 using saturated aqueous ammonium chloride and 1 M hydrochloric acid.,The XDL language does not have a step to measure and adjust pH directly.,"While direct pH adjustment is not possible, you can add the reagents and assume the pH adjustment is done manually. Ensure the addition of both reagents is done sequentially."
222,dilute with saturated aqueous ammonium chloride and 1 M hydrochloric acid to adjust the pH to 7.0,Adjusting the pH of the solution to 7.0 using saturated aqueous ammonium chloride and 1 M hydrochloric acid.,The XDL language does not have a specific step for pH adjustment. The current steps only add the reagents without ensuring the pH is adjusted to 7.0.,"While the XDL language does not support pH adjustment directly, you can add the reagents and assume the pH adjustment is implicit. Ensure the addition steps are correct and proceed with the next steps."
223,Monitor the reaction progress using TLC analysis.,This step is meant to check the progress of the reaction using Thin Layer Chromatography (TLC).,TLC analysis is not a step that can be executed within the current XDL language as it involves manual intervention and analysis.,This step should be noted as a manual intervention step outside the scope of the XDL code.
224,"Weigh the crude product to obtain methyl 4,6-O-benzylidene-α-D-glucopyranoside (2a, 6.2 g, 79.1% yield).",This step is meant to measure the mass of the crude product to determine the yield.,Weighing the product is not a step that can be executed within the current XDL language as it involves manual intervention.,This step should be noted as a manual intervention step outside the scope of the XDL code.
225,Monitor the reaction progress using TLC analysis.,This step is meant to check the progress of the reaction using Thin Layer Chromatography (TLC).,TLC analysis is not a step that can be executed within the current XDL language.,"This step should be noted as a manual intervention point in the procedure, and the XDL language could be improved by adding a step for manual analysis or monitoring."
226,"Perform thin layer chromatography analysis to confirm the formation of 1,2:5,6-di-O-isopropylidene-α-D-glucofuranoside.",This step is meant to confirm the formation of the desired product using thin layer chromatography (TLC).,The XDL language does not have a step for performing thin layer chromatography analysis.,"To improve the XDL code, a new step for performing TLC analysis should be added to the XDL language."
227,"Perform thin layer chromatography analysis to monitor the reaction progress and confirm the formation of 1,2:5,6-di-O-isopropylidene-α-D-glucofuranoside.",This step is meant to monitor the reaction progress and confirm the formation of the desired product using thin layer chromatography (TLC).,The XDL language does not have a step to perform thin layer chromatography (TLC) analysis.,"To improve the XDL code, a new step for TLC analysis should be added to the XDL language. This step would allow for monitoring the reaction progress and confirming the formation of the desired product."
228,Perform TLC to monitor the reaction.,This step is meant to monitor the progress of the reaction using Thin Layer Chromatography (TLC).,The XDL language does not have a step to perform TLC or any other analytical techniques.,"To improve the XDL code, a new step for performing TLC or other analytical techniques should be added to the XDL language."
229,"Use thin layer chromatography to monitor the formation of methyl 4,6-O-benzylidene-α-D-glucopyranoside.",This step is meant to monitor the progress of the reaction using thin layer chromatography (TLC).,The XDL language does not support steps for analytical techniques like TLC.,"To improve the XDL code, consider adding support for analytical techniques like TLC in future versions of the XDL language."
230,"Perform thin layer chromatography analysis to confirm the formation of 1,2:5,6-di-O-isopropylidene-α-D-glucofuranoside.",This step is meant to analyze the reaction mixture to confirm the formation of the desired product.,Thin layer chromatography (TLC) analysis is not a step that can be executed within the current XDL language.,This step should be noted as a manual step to be performed outside the automated procedure.
231,TLC analysis to check the completion of the reaction,This step is used to monitor the progress of the reaction and determine when it is complete.,The XDL language does not have a step to perform TLC analysis or any other analytical techniques to check the completion of the reaction.,Introduce a new step in the XDL language to perform TLC analysis or other analytical techniques to check the completion of the reaction.
232,"Perform thin layer chromatography to confirm the formation of methyl 4,6-O-benzylidene-α-D-glucopyranoside.",This step is meant to confirm the formation of the desired product using thin layer chromatography (TLC).,The XDL language does not support steps for performing or analyzing thin layer chromatography.,"To improve the XDL code, a new step for performing and analyzing TLC should be added to the XDL language."
233,"Perform thin layer chromatography analysis to confirm the formation of 1,2:5,6-di-O-isopropylidene-α-D-glucofuranoside.",This step is meant to analyze the reaction mixture to confirm the formation of the desired product.,Thin layer chromatography (TLC) analysis is not a step that can be executed with the current XDL language.,This step should be noted as a manual step to be performed outside the automated procedure.
234,Perform thin layer chromatography to monitor the reaction progress.,This step is meant to monitor the progress of the reaction using thin layer chromatography (TLC).,The XDL language does not have a step to perform or monitor thin layer chromatography.,"To improve the XDL code, a new step for performing and monitoring TLC should be added to the XDL language."
235,"Thin layer chromatography was performed to confirm the formation of 1,2:5,6-di-O-isopropylidene-α-D-glucofuranoside.",This step is meant to confirm the formation of the desired product using thin layer chromatography (TLC).,The XDL language does not support a step for performing thin layer chromatography.,Add a new step in the XDL language to perform thin layer chromatography (TLC).
236,"Perform thin layer chromatography to confirm the formation of methyl 4,6-O-benzylidene-α-D-glucopyranoside.",This step is meant to confirm the formation of the desired product using thin layer chromatography (TLC).,The XDL language does not support steps for performing or analyzing thin layer chromatography.,This step cannot be executed with the current XDL language. Consider adding support for TLC analysis in future versions of the XDL language.
237,After completion of the reaction as indicated by TLC analysis,This part means to check the completion of the reaction using TLC analysis.,TLC analysis is a manual step and cannot be executed by the XDL language.,This step cannot be automated with the current XDL language. It should be noted as a manual step to be performed by the user.
238,Monitor the reaction progress using TLC analysis.,This step is meant to check the progress of the reaction using Thin Layer Chromatography (TLC).,TLC analysis is not a step that can be executed within the XDL language as it involves manual intervention and analysis.,This step cannot be automated with the current XDL language. It should be noted as a manual step to be performed by the operator.
239,"Thin layer chromatography (TLC) analysis indicated the formation of 1,2:5,6-di-O-isopropylidene-α-D-glucofuranoside.",This part means to analyze the reaction mixture using TLC to confirm the formation of the product.,TLC analysis is not executable in the current XDL language.,"To improve the XDL code, a step for TLC analysis should be added to the XDL language."
240,"The reaction mixture was monitored by thin layer chromatography (TLC) to confirm the formation of methyl 4,6-O-benzylidene-α-D-glucopyranoside.",This step is meant to monitor the progress of the reaction and confirm the formation of the desired product using TLC.,The XDL language does not support steps for monitoring reactions using TLC or any other analytical techniques.,"To improve the XDL code, a new step for monitoring reactions using TLC or other analytical techniques should be added to the XDL language."
241,Monitor the reaction progress using TLC analysis.,This step is meant to check the progress of the reaction using Thin Layer Chromatography (TLC).,TLC analysis is not a step that can be executed within the current XDL language.,This step should be noted as not executable within the XDL language and should be performed manually.
242,Monitor the reaction progress using TLC analysis.,This step is meant to check the progress of the reaction using Thin Layer Chromatography (TLC).,TLC analysis is not a step that can be executed within the current XDL language.,This step should be noted as a manual step to be performed outside the automated procedure.
243,Preparation of DES by mixing choline chloride and malonic acid in a separate container.,This step aims to prepare a deep eutectic solvent (DES) by mixing choline chloride and malonic acid.,"The XDL language does not support the preparation of mixtures in a separate container that is not defined as a component. The current XDL code directly adds choline chloride and malonic acid to the reactor, which is not the same as preparing DES in a separate container.","Introduce a new component type or a method to handle the preparation of mixtures in a separate container. Alternatively, if the preparation of DES can be done in the reactor, ensure that the steps are correctly ordered and the mixture is properly stirred."
244,Monitor the reaction progress using TLC analysis.,This step is meant to check the progress of the reaction using Thin Layer Chromatography (TLC).,TLC analysis is not a step that can be executed within the XDL language as it involves manual intervention and analysis.,This step cannot be automated using the current XDL language. It should be noted as a manual step to be performed by the chemist.
245,"Perform thin layer chromatography analysis to confirm the formation of 1,2:5,6-di-O-isopropylidene-alpha-D-glucofuranoside.",This step is meant to confirm the formation of the desired product using thin layer chromatography (TLC).,The XDL language does not support steps for analytical techniques like TLC.,This step cannot be executed with the current XDL language. Consider adding support for analytical techniques in future versions of the XDL language.
246,Monitor the reaction progress using TLC analysis.,This step is meant to check the progress of the reaction using Thin Layer Chromatography (TLC).,TLC analysis is not a step that can be executed within the XDL language as it involves manual intervention and analysis.,This step should be noted as a manual intervention step and cannot be automated using the current XDL language.
247,Monitor the reaction progress using TLC analysis.,This step is meant to check the progress of the reaction using Thin Layer Chromatography (TLC).,TLC analysis is not a step that can be executed within the XDL language as it involves manual intervention and analysis.,This step should be noted as a manual intervention step outside the scope of the XDL code.
248,Monitor the reaction progress using TLC analysis.,This step is meant to check the progress of the reaction using Thin Layer Chromatography (TLC).,TLC analysis is not a step that can be executed with the current XDL language.,This step should be noted as not executable in the XDL language and should be monitored manually.
249,Monitor the reaction progress using TLC analysis.,This step is meant to check the progress of the reaction using Thin Layer Chromatography (TLC).,TLC analysis is not a step that can be executed within the current XDL language as it involves manual intervention and analysis.,This step cannot be executed in the XDL language. It should be noted as a manual step to be performed by the chemist.
250,"Perform thin layer chromatography to monitor the reaction progress and confirm the formation of 1,2:5,6-di-O-isopropylidene-α-D-glucofuranoside.",This step is meant to monitor the reaction progress and confirm the formation of the desired product using thin layer chromatography (TLC).,The XDL language does not support steps for performing or analyzing thin layer chromatography (TLC).,"Currently, there is no way to execute this step using the XDL language. This step should be noted as a manual step to be performed outside of the automated procedure."
251,"The reaction mixture was monitored by thin layer chromatography to confirm the formation of methyl 4,6-O-benzylidene-α-D-glucopyranoside.",This step involves monitoring the reaction progress using thin layer chromatography (TLC).,The XDL language does not support steps for monitoring reaction progress using TLC or any other analytical techniques.,"Currently, there is no way to execute this step using the XDL language. This step should be noted as a manual intervention or an analytical step that needs to be performed outside the automated procedure."
252,After completion of the reaction as indicated by TLC analysis,This part means to check the completion of the reaction using TLC analysis.,TLC analysis is not executable within the XDL language as it involves manual intervention and analysis.,This step cannot be automated with the current XDL language and should be noted as a manual step to be performed outside the automated procedure.
253,Allow the reaction mixture to cool to 25 °C while stirring at 300 rpm for 1 hour.,This step aims to cool the reaction mixture to 25 °C while maintaining stirring for 1 hour.,The XDL language does not support a combined cooling and stirring step for a specific duration. The current XDL code uses HeatChillToTemp which does not allow for a specific time duration while cooling.,"To improve the XDL code, use a combination of HeatChillToTemp to cool to 25 °C and then a Stir step to maintain stirring for 1 hour."
254,Dry the organic layer with MgSO4 by stirring for 30 minutes.,This step aims to dry the organic layer by stirring it with MgSO4 for 30 minutes.,The XDL language does not support a step to stir a mixture with a drying agent for a specific duration. The current XDL code uses FilterThrough which does not account for the stirring duration.,"To improve the XDL code, add a Stir step after the FilterThrough step to ensure the mixture is stirred for 30 minutes."
255,The step involving the observation of HBr evolution and waiting until it subsides.,This part means to monitor the reaction until no more HBr gas is evolved.,The XDL language does not have a step to monitor gas evolution or wait for a reaction to subside based on gas evolution.,Introduce a new step in the XDL language to monitor gas evolution or allow for conditional waiting based on gas evolution.
256,Heat the mixture to 100 °C and maintain this temperature until no further evolution of HBr is observed.,The procedure aims to heat the mixture until a specific chemical reaction endpoint (no further evolution of HBr) is observed.,"The XDL language does not support conditional steps based on the observation of chemical reactions (e.g., stopping heating when no further evolution of HBr is observed).","Introduce a new step in the XDL language that allows for conditional execution based on chemical observations, such as gas evolution or color change."
257,The step involving the observation of the evolution of HBr gas.,This part of the procedure is meant to monitor the reaction progress by observing the evolution of HBr gas.,The XDL language does not have a step to monitor gas evolution or any other reaction progress indicators.,There is no direct way to implement this in the current XDL language. A possible improvement could be to add a monitoring step in future versions of the XDL language.
258,Heat the mixture to 100 °C and maintain this temperature until no further evolution of HBr is observed.,This step aims to heat the reaction mixture to 100 °C and maintain this temperature until the evolution of HBr gas ceases.,The XDL language does not support conditional steps based on the observation of gas evolution. It can only heat for a specified time or to a specified temperature.,"To improve the XDL code, a fixed time duration should be provided for the heating step. Alternatively, the XDL language could be extended to support conditional steps based on gas evolution."
259,Allow the reaction mixture to cool to 25 °C (room temperature) while stirring at 300 rpm for 1 hour.,This part means to cool the reaction mixture to room temperature while stirring for 1 hour.,"The XDL language does not support a combined cooling and stirring step for a specific duration. The current XDL code uses separate steps for cooling and stirring, which may not achieve the same effect.",Introduce a combined cooling and stirring step in the XDL language to handle such cases.
260,Acidify the aqueous layer with 1M HCl until the pH reaches around 2.,This part means to add 1M HCl to the aqueous layer until the pH reaches around 2.,The XDL language does not support pH adjustments based on pH measurements.,Introduce a pH adjustment step in the XDL language to handle such cases.
261,Separate the aqueous layer and add 1M HCl until the pH is around 2.,This step aims to acidify the aqueous layer to a pH of around 2 using 1M HCl.,The XDL language does not support pH measurement or control. It can only add a specified volume of a reagent.,"To improve the XDL code, a manual pH adjustment step should be noted, or an approximate volume of 1M HCl should be specified based on typical lab experience."
262,The step involving the observation of the evolution of HBr gas during the reaction.,This part of the procedure is meant to monitor the reaction progress by observing the release of HBr gas.,The XDL language does not have a step to monitor gas evolution or any other real-time observation of reaction progress.,"To improve the XDL code, a new step for monitoring gas evolution or reaction progress should be added to the XDL language."
263,The step involving the acidification of the aqueous layer by adding 1M HCl dropwise until the pH reaches 1-2.,This step aims to acidify the aqueous layer to a specific pH range.,"The XDL language does not support pH monitoring or control, and thus cannot execute this step.","To improve the XDL code, the language should include steps for pH monitoring and control. For now, this step cannot be executed automatically."
264,"Heat the mixture to 100 °C and maintain this temperature until no further evolution of HBr is observed, typically around 1 hour.",This step aims to heat the reaction mixture to 100 °C and maintain this temperature until the evolution of HBr gas ceases.,The XDL language does not support conditional steps based on the observation of gas evolution. It can only specify fixed times for heating or chilling.,"To improve the XDL code, a fixed time for heating should be used, as done in the current XDL code. However, it should be noted that this does not fully capture the conditional nature of the original procedure."
265,Perform TLC analysis to confirm the completion of the reaction.,This step is meant to check the progress of the reaction using Thin Layer Chromatography (TLC).,TLC analysis is not a step that can be executed with the current XDL language.,This step should be noted as not executable in the XDL language and should be manually performed.
266,Purify the product by bulb-to-bulb distillation at 200°C and 0.5 mmHg or by column chromatography.,This step aims to purify the product using either bulb-to-bulb distillation or column chromatography.,"The XDL language does not support bulb-to-bulb distillation. The current XDL code attempts to use the Evaporate step, which is not equivalent to bulb-to-bulb distillation.",Remove the Evaporate step and only use the RunColumn step for purification.
267,"Seal the flask with a rubber septum, place it under a nitrogen atmosphere via a nitrogen inlet needle",This part aims to create an inert atmosphere in the reaction vessel.,The XDL language does not have a step to seal a flask with a rubber septum or to place it under a nitrogen atmosphere via a nitrogen inlet needle.,Introduce a new step in the XDL language to seal a vessel and place it under an inert atmosphere.
268,Vent the separatory funnel often to avoid pressure build-up due to CO2 gas evolution.,This part aims to release pressure build-up in the separatory funnel during washing with sodium bicarbonate.,The XDL language does not have a step to vent a separatory funnel.,Introduce a new step in the XDL language to vent a separatory funnel.
269,Add 20 mL of aqueous potassium sodium tartrate solution (Rochelle's salt) dropwise until hydrogen gas production ceases.,This step aims to quench the reaction by adding potassium sodium tartrate solution until the reaction stops producing hydrogen gas.,The XDL language does not support conditional steps based on the cessation of gas production. It can only add a fixed volume of reagent.,"This step cannot be executed as described in the XDL language. A possible workaround is to add a fixed volume of potassium sodium tartrate solution, but this does not guarantee the cessation of hydrogen gas production."
270,Slowly add 4 N NaOH solution dropwise until the reaction mixture attains a pH of 5-6.,This step aims to adjust the pH of the reaction mixture to a specific range by adding a base dropwise.,"The XDL language does not support pH measurement or control directly. The addition of NaOH solution is specified with a fixed volume, which does not ensure the pH adjustment to the desired range.",Introduce a pH control feature in the XDL language to allow for pH adjustments during reagent addition.
271,After the conversion was complete as indicated by TLC (50% ethyl acetate in petroleum ether),This step is meant to monitor the progress of the reaction using Thin Layer Chromatography (TLC).,The XDL language does not support steps for monitoring reaction progress using TLC or any other analytical techniques.,"Currently, there is no way to execute this step using the XDL language. This step should be noted as a limitation of the current XDL language."
272,Bubble NH3 gas into the reaction mixture until a precipitate forms.,Introduce NH3 gas into the reaction mixture to cause precipitation.,The XDL language does not support a step to bubble gas into a mixture to cause precipitation.,Introduce a new step in the XDL language to allow bubbling gas into a mixture to cause precipitation.
273,Bubble HCl gas into a solution of the amine (3) dissolved in anhydrous diethyl ether until a precipitate forms.,Introduce HCl gas into the solution to cause precipitation.,The XDL language does not support a step to bubble gas into a mixture to cause precipitation.,Introduce a new step in the XDL language to allow bubbling gas into a mixture to cause precipitation.
274,The step where the yellow precipitate is redissolved in the minimum amount of hot n-propanol while stirring at 300 rpm.,This step aims to dissolve the yellow precipitate in hot n-propanol.,The XDL language does not have a direct step to specify dissolving a solid in a minimum amount of solvent while heating.,Introduce a new step in the XDL language to handle dissolving solids in a minimum amount of solvent while heating.
275,Add sulfuric acid dropwise until the solution is acidic (pH < 7).,This part aims to add sulfuric acid dropwise until the solution reaches a pH of less than 7.,The XDL language does not support pH monitoring or conditional steps based on pH.,"To improve the XDL code, a pH monitoring feature should be added to the XDL language to allow for conditional steps based on pH levels."
276,The step involving cooling the mixture to 0 °C at a rate of 10 degrees per 2 minutes.,This part means to gradually cool the mixture to 0 °C at a controlled rate.,The XDL language does not support specifying a cooling rate. It only allows setting a target temperature and optionally a time to maintain that temperature.,"The XDL language should be extended to support specifying a cooling rate. For now, we can only set the target temperature directly."
277,Recrystallize the solid three times under nitrogen using dry acetonitrile (0.5 mL of solvent for 1 g of solid).,This part means to perform recrystallization under an inert atmosphere using dry acetonitrile.,"The XDL language does not support recrystallization steps directly, nor does it support maintaining an inert atmosphere during recrystallization.","To improve the XDL code, the language should include a recrystallization step and a way to maintain an inert atmosphere during this process."
278,Remove the solvent via canula under nitrogen and wash the remaining solid with 3 x 10 mL of dry acetonitrile under nitrogen.,This part means to remove the solvent using a canula under an inert atmosphere and wash the solid with dry acetonitrile under nitrogen.,"The XDL language does not support the use of a canula for solvent removal, nor does it support maintaining an inert atmosphere during washing.","To improve the XDL code, the language should include steps for canula solvent removal and maintaining an inert atmosphere during washing."
279,Remove the solvent under reduced pressure (vacuum) at a pressure of >100 mbar and a temperature of 30 °C to obtain a white powder.,This step aims to remove the solvent to obtain a solid product.,The XDL language does not support specifying a pressure greater than a certain value for the Evaporate step. It only allows specifying a specific pressure value.,The XDL language should be extended to allow specifying a pressure range or a minimum pressure for the Evaporate step.
280,Pour the reaction mixture onto basic alumina (5 mL),This step is meant to transfer the reaction mixture onto basic alumina for adsorption.,The XDL language does not have a specific step to handle pouring a mixture onto a solid adsorbent like basic alumina.,Introduce a new step in the XDL language to handle pouring a mixture onto a solid adsorbent or use an alternative method to achieve the same result.
281,The step involving monitoring the reaction completion by TLC.,This step is meant to check the progress of the reaction and determine when it is complete.,The XDL language does not have a step for monitoring reaction progress using TLC or any other analytical technique.,"Currently, there is no way to execute this step in XDL. This step should be noted as a manual intervention required."
282,"Equip the flask with a stir bar, a Soxhlet extractor with a cellulose membrane insert containing 25 g of MgSO4, and a reflux condenser.",This part means to set up the reaction apparatus with specific equipment including a Soxhlet extractor and a reflux condenser.,The XDL language does not support the explicit setup of a Soxhlet extractor or a reflux condenser. These are specific pieces of laboratory equipment that are not defined in the XDL language.,"To improve the XDL code, the language should be extended to include the setup of specific laboratory equipment like Soxhlet extractors and reflux condensers."
283,Add this sodium borohydride solution dropwise through the dropping funnel over exactly 60 minutes while maintaining the temperature at 25°C.,This part means to add the sodium borohydride solution dropwise over a specific time period while maintaining a constant temperature.,The XDL language does not support adding a reagent over a specific time period while maintaining a constant temperature in a single step. The 'Add' step does not have a 'time' attribute.,"To improve the XDL code, split this into two steps: one for adding the reagent dropwise and another for maintaining the temperature."
284,The flask was fitted with a 1M NaOH scrubber.,This step is meant to neutralize any acidic gases that might be released during the reaction.,The XDL language does not have a step or component to represent fitting a flask with a scrubber.,"Currently, there is no way to represent this step in XDL. It should be noted for future development of the XDL language to include such safety measures."
285,Fraction results were collected based on boiling points.,This step is meant to collect different fractions during the vacuum distillation based on their boiling points.,The XDL language does not have a step to represent the collection of fractions based on boiling points during distillation.,"Currently, there is no way to represent this step in XDL. It should be noted for future development of the XDL language to include fraction collection during distillation."
286,Add 1.5 mL of 2 M aqueous HCl to the aqueous solution until neutralization of initially added sodium carbonate and sodium bicarbonate. The solution pH should be around 4 after neutralization.,This step aims to neutralize the carbonate buffer by adding 2 M aqueous HCl until the pH reaches around 4.,The XDL language does not support pH measurement and adjustment steps. It only allows for the addition of reagents in fixed volumes.,"To improve the XDL code, a manual pH adjustment step should be included, or the XDL language should be extended to support pH measurement and adjustment."
287,Stirring the mixture under nitrogen at 300 rpm for 1 hour,This part means to maintain an inert atmosphere while stirring the mixture.,The XDL language does not support maintaining an inert atmosphere while stirring for a specific time.,Introduce a new step in the XDL language that allows for maintaining an inert atmosphere while stirring for a specific time.
288,Stirring at -18°C at 300 rpm,This part means to stir the mixture at a specific low temperature.,The XDL language does not support stirring at a specific temperature for a specific time.,Introduce a new step in the XDL language that allows for stirring at a specific temperature for a specific time.
289,"The sidearm was attached to a double manifold Schlenk line, and the flask was cycled three times between vacuum and argon.",This part is meant to create an inert atmosphere by cycling between vacuum and argon.,The XDL language does not support the concept of a Schlenk line or sidearm attachment. It also does not support the concept of a double manifold Schlenk line.,"The XDL language should be extended to support the concept of a Schlenk line or sidearm attachment. For now, the EvacuateAndRefill step is used to approximate this process."
290,"Under a flow of argon, the stopper was removed, methanol (150 mL) was added, and the flask was re-stoppered.",This part is meant to add methanol under an inert atmosphere.,The XDL language does not support the concept of adding reagents under a flow of inert gas.,"The XDL language should be extended to support the concept of adding reagents under a flow of inert gas. For now, the Add step is used to approximate this process."
291,"Under a flow of argon, the stopper was removed again, PdCl2 (1.05 g, 5.9 mmol) was added, and the flask was re-stoppered.",This part is meant to add PdCl2 under an inert atmosphere.,The XDL language does not support the concept of adding reagents under a flow of inert gas.,"The XDL language should be extended to support the concept of adding reagents under a flow of inert gas. For now, the Add step is used to approximate this process."
292,"The sidearm tap and Schlenk line tap were both left open to argon. An oil bubbler was attached to a second tap of the Schlenk line, and the tap was opened to argon.",This part is meant to maintain an inert atmosphere using an oil bubbler.,The XDL language does not support the concept of an oil bubbler or maintaining an inert atmosphere using an oil bubbler.,"The XDL language should be extended to support the concept of an oil bubbler. For now, the StartPurge and StopPurge steps are used to approximate this process."
293,Purify the product by bulb-to-bulb distillation at an oven temperature of 170°C.,This step aims to purify the product using bulb-to-bulb distillation.,"The XDL language does not support a specific step for bulb-to-bulb distillation. The closest available step is RunColumn, but it does not accurately represent the bulb-to-bulb distillation process.",Introduce a new step in the XDL language specifically for bulb-to-bulb distillation or provide a detailed workaround using existing steps.
294,The progress of the reaction was monitored by Thin Layer Chromatography using toluene: acetone (9:1) solvent system every 30 min.,This part means to monitor the reaction progress using Thin Layer Chromatography (TLC) with a specific solvent system.,The XDL language does not support steps for monitoring reaction progress using TLC or any other analytical techniques.,"Currently, there is no way to execute this step with the XDL language. This step should be noted as not executable and potentially added to future versions of the XDL language."
295,The step involving drying under a constant stream of nitrogen at 300 mL/min for 30 minutes.,This part aims to dry the filtered product using a stream of nitrogen gas.,"The XDL language does not have a specific step for drying under a stream of gas. The closest available step is 'Dry', which uses vacuum for drying.","Introduce a new step in the XDL language for drying under a stream of gas, or use the 'Dry' step with a note that it should be under a nitrogen stream."
296,The step involving flushing with nitrogen at 300 mL/min for 15 minutes.,This part aims to purge the mixture with nitrogen gas.,"The XDL language does not have a specific step for flushing with gas at a specific flow rate for a set time. The closest available step is 'Purge', but it does not allow for a specific flow rate and time combination.","Introduce a new step in the XDL language for flushing with gas at a specific flow rate for a set time, or use the 'Purge' step with a note that it should be for 15 minutes at 300 mL/min."
297,The round bottomed Schlenk was fitted with a condenser and a N2 bubbler,This part means to achieve an inert atmosphere using a nitrogen bubbler.,The XDL language does not support the explicit fitting of a condenser and a nitrogen bubbler.,The XDL language should be extended to include steps for fitting specific hardware components like condensers and nitrogen bubblers.
298,dried in air for 1 hour,This part means to dry the solid in air.,The XDL language does not support drying in air; it only supports drying under vacuum.,The XDL language should be extended to include a step for drying in air.
299,heated under microwave conditions,Heating the reaction mixture using microwave irradiation,The XDL language does not support microwave heating as a method of temperature control.,Add support for microwave heating in the XDL language.
300,Add 4 N NaOH solution dropwise while continuously monitoring the pH. Continue the addition until the reaction mixture attains a pH of 5-6.,This part aims to add the NaOH solution dropwise while monitoring the pH until it reaches a specific range.,The XDL language does not support pH monitoring and conditional addition based on pH.,"To improve the XDL code, a manual step for pH monitoring and conditional addition should be included, or the XDL language should be extended to support pH monitoring and conditional addition."
301,oil removed with petroleum ether,This step is meant to remove the mineral oil from the sodium hydride dispersion using petroleum ether.,The XDL language does not support a direct method to remove oil from a dispersion.,This step cannot be executed with the current XDL language. A possible workaround could be to manually remove the oil before starting the automated procedure.
302,Sublimate the mixture at 85°C and 10^-6 mm Hg using a horizontal furnace to yield an off-white solid.,This part aims to sublimate the mixture under specific conditions to yield the final product.,"The XDL language does not have a specific step for sublimation, especially under the specified conditions of 10^-6 mm Hg.","Introduce a new step in the XDL language for sublimation with attributes for temperature and pressure. For now, the closest approximation would be to use a combination of Dry and HeatChill steps, but this does not fully capture the sublimation process."
303,Cool the mixture to -78°C using an acetone/dry ice bath.,This step aims to cool the reaction mixture to -78°C using an acetone/dry ice bath.,The XDL language does not support specifying the use of an acetone/dry ice bath for cooling. It only allows specifying the target temperature.,Use the HeatChillToTemp step to achieve the desired temperature without specifying the cooling method.
304,In the absence of light,This step aims to perform the reaction in the absence of light.,The XDL language does not support specifying light conditions for the reaction.,There is no direct way to specify light conditions in the XDL language. This step cannot be executed as described.
305,Monitor the reaction progress by thin layer chromatography (TLC) during the addition.,This step is meant to monitor the reaction progress using TLC.,The XDL language does not support steps for monitoring reaction progress using TLC.,This step cannot be executed with the current XDL language. It should be noted for future development to include monitoring steps.
306,The distillation steps at 135 °C and 170 °C under nitrogen and 0.8 mmHg respectively.,These steps are meant to remove volatile compounds and distill (c-Hex)3B.,The XDL language does not have a specific step for distillation under controlled temperature and pressure conditions.,"Introduce a new step in the XDL language for distillation under controlled conditions, or use a combination of existing steps to approximate the process."
307,4-Bromophenol and imidazole were dried in a desiccator over P2O5 overnight (12 hours).,This step aims to dry the solid reagents 4-Bromophenol and imidazole using a desiccator over P2O5.,The XDL language does not support the use of a desiccator or the drying of solids over P2O5.,Introduce a new step in the XDL language to handle drying of solids using a desiccator or similar equipment.
308,"The residue distilled to give a colorless oil, 19.8 g (98%), b.p. 67-68 ºC/0.01 mm.",This step aims to distill the residue to obtain a colorless oil.,The XDL language does not support distillation as a step.,Introduce a new step in the XDL language to handle distillation.
309,The step where the reaction is heated to 60 °C until initiation occurs.,This step is meant to initiate the reaction by heating until a visible change (initiation) occurs.,The XDL language does not support conditional steps based on visual observation or initiation events.,"This step cannot be executed as described. A possible workaround is to assume a fixed time for initiation, but this is not ideal."
310,Quenching the reaction by adding Rochelles salt solution until effervescence ceases,This step aims to neutralize the reaction by adding Rochelles salt solution until no more gas is evolved.,The XDL language does not support conditional steps based on visual observations like 'until effervescence ceases'.,This step cannot be executed as described. A possible workaround is to add a fixed volume of Rochelles salt solution and assume it is sufficient for quenching.
311,Cool the solution to -78°C using a dry ice bath under a nitrogen atmosphere.,This part means to cool the solution to -78°C while maintaining an inert atmosphere using nitrogen.,The XDL language does not support the combination of cooling and maintaining an inert atmosphere in a single step.,Separate the cooling and inert atmosphere steps into two distinct steps.
312,Add 30 cm³ (75 mmol) of n-butyllithium (2.5M in hexane) dropwise over 30 minutes while maintaining the temperature at -5°C.,This part means to add n-butyllithium dropwise over 30 minutes while keeping the temperature at -5°C.,The XDL language does not support adding a reagent dropwise over a specific time while maintaining a specific temperature.,Separate the addition and temperature control into distinct steps.
313,"Add 5.5 cm3 of H2O2 (100 vol, about 48 mmol) dropwise over a period of time while maintaining the temperature between 50 °C and 51 °C.",This step aims to add H2O2 dropwise while maintaining a specific temperature range.,The XDL language does not support maintaining a temperature range during the addition of a reagent. It can only heat or chill to a specific temperature.,"To improve the XDL code, we can approximate this step by heating to 50 °C before the addition and then adding the reagent dropwise."
314,The step involving the use of an ice bath to chill the reaction mixture is not executable with the current XDL language.,The ice bath is used to cool the reaction mixture to 0°C while purging with nitrogen.,"The XDL language does not support the use of an ice bath as a cooling method. The closest available method is the HeatChillToTemp step, which can be used to achieve the desired temperature.",Use the HeatChillToTemp step to cool the reaction mixture to 0°C.
315,Equip the flask with a 500 mL addition funnel with a gas inlet adapter. Ensure the addition funnel is securely attached and the gas inlet adapter is properly connected to the nitrogen source.,"This step is meant to set up the apparatus for the reaction, ensuring that the addition funnel is attached and the gas inlet adapter is connected to the nitrogen source.",The XDL language does not support steps for setting up hardware configurations or ensuring connections between components.,This step cannot be executed in the current XDL language. It should be noted as a manual setup step before the automated procedure begins.
316,Stir the mixture in the addition funnel for 5 minutes using a glass stirring rod to ensure homogeneity.,This step is meant to manually stir the mixture in the addition funnel to ensure it is homogeneous.,The XDL language does not support manual stirring with a glass rod.,This step cannot be executed in the current XDL language. It should be noted as a manual step before the automated procedure continues.
317,"At five-minute intervals, remove the nitrogen inlet and add scoops (roughly 5-10 g per scoop) of fresh zinc-copper couple until a total of 100 g (1.53 mol, 3.07 equiv) has been added over a period of 1 hour.",This step is meant to manually add zinc-copper couple in intervals while maintaining an inert atmosphere.,The XDL language does not support manual addition of reagents at intervals.,This step cannot be executed in the current XDL language. It should be noted as a manual step before the automated procedure continues.
318,"Evacuate the vessel under vacuum (0 mbar) at -78 °C, then seal and allow it to slowly warm to room temperature at a rate of 10 degrees per 2 minutes.",This part means to achieve the evacuation of the vessel under vacuum at a specific temperature and then allow it to warm up slowly.,"The XDL language does not support the combination of evacuation and temperature control in a single step. Additionally, the rate of temperature change is not supported.","The XDL language should be extended to support combined evacuation and temperature control steps, as well as specifying the rate of temperature change."
319,"The step involving recrystallization from DCM/pentane by adding DCM to the residue, heating to boiling point, stirring for 15 minutes, cooling to room temperature, and evaporating the solvent.","This part aims to recrystallize the product by dissolving it in DCM, heating to boiling, stirring, cooling, and then evaporating the solvent.","The XDL language does not support a direct recrystallization step. The steps involved in recrystallization (adding solvent, heating, stirring, cooling, and evaporating) are not fully executable in a single sequence as described.","To improve the XDL code, break down the recrystallization process into individual steps that are executable within the XDL language. This includes adding DCM, heating, stirring, cooling, and evaporating."
320,Finely powder 25 g (0.12 mol) of 3-methylcatechol diacetate and 16.0 g (0.12 mol) of ground aluminium chloride. Mix the powders thoroughly.,This step involves finely powdering and mixing two solid reagents.,The XDL language does not support steps for powdering or grinding solid reagents.,Add a note to the procedure indicating that the reagents should be pre-powdered and mixed before starting the XDL procedure.
321,Add n-butyllithium dropwise over 4 minutes while stirring at 300 rpm.,This step aims to add n-butyllithium slowly to control the reaction rate and avoid any exothermic reaction.,The XDL language does not support the 'time' attribute for the 'Add' step. The 'Add' step cannot specify the duration over which the reagent is added.,The XDL language should be extended to support a 'time' attribute for the 'Add' step to allow for controlled addition over a specified duration.
322,Add water dropwise over 5 minutes while stirring at 300 rpm.,This step aims to add water slowly to control the exothermic reaction.,The XDL language does not support the 'time' attribute for the 'Add' step. The 'Add' step cannot specify the duration over which the reagent is added.,The XDL language should be extended to support a 'time' attribute for the 'Add' step to allow for controlled addition over a specified duration.
323,"Mix 4-(9-anthracenyl)butyl azide (3) and Pd/C (10%, 0.0436 g) in absolute ethanol (80 ml) under a hydrogen atmosphere (balloon).",This step aims to perform a hydrogenation reaction under a hydrogen atmosphere.,The XDL language does not support the use of a hydrogen balloon or any specific gas atmosphere for reactions.,The XDL language should be extended to support the use of specific gas atmospheres for reactions.
324,Bubble with excess HCl gas while stirring at 300 rpm.,This step aims to introduce HCl gas into the solution to form a hydrochloride salt.,The XDL language does not support the bubbling of gases other than inert gases (N2 or Ar).,"The XDL language should be extended to support the bubbling of various gases, including HCl."
325,The use of a Dean-Stark apparatus under a nitrogen atmosphere,"The Dean-Stark apparatus is used to remove water from the reaction mixture by azeotropic distillation, and the nitrogen atmosphere is to maintain an inert environment.","The XDL language does not have a specific component type for a Dean-Stark apparatus, nor does it support the concept of azeotropic distillation. Additionally, maintaining a nitrogen atmosphere throughout the reaction is not explicitly supported.","To improve the XDL code, the language should include support for specialized apparatus like the Dean-Stark and the ability to maintain an inert atmosphere throughout a reaction."
326,Monitoring the progress of the reaction by TLC,This step is to periodically check the progress of the reaction using Thin Layer Chromatography (TLC).,The XDL language does not support analytical techniques like TLC.,"To improve the XDL code, the language should include steps for common analytical techniques like TLC, NMR, etc."
327,Monitor the reaction progress using TLC.,This step involves monitoring the reaction progress using Thin Layer Chromatography (TLC).,The XDL language does not support steps for monitoring reaction progress using TLC or any other analytical techniques.,This step cannot be executed with the current XDL language. It should be noted as a limitation for future development of the XDL language.
328,The solution was sparged with argon for 30 minutes while in an ice bath,This part means to purge the solution with argon while keeping the temperature low using an ice bath.,"The XDL language does not support the concept of an ice bath directly. The temperature control steps (HeatChill, HeatChillToTemp) do not allow for specifying an ice bath.","To improve the XDL language, a step to specify cooling with an ice bath should be added. Alternatively, a workaround could be to use the HeatChill step with a low temperature setting, but this does not exactly replicate an ice bath."
329,A short air condenser was set on the flask,This step likely means to attach a condenser to the reaction vessel to allow for reflux or to prevent loss of volatile components.,The XDL language does not have a step to attach or set up a condenser.,Introduce a new step in the XDL language to attach or set up a condenser to a vessel.
330,The system was evacuated and hydrogen gas was added to a pressure of 28 psi.,This part means to achieve the evacuation of the system and then refilling it with hydrogen gas to a specific pressure.,The XDL language does not support specifying the pressure for the EvacuateAndRefill step.,Add an attribute to the EvacuateAndRefill step to specify the pressure of the gas being refilled.
331,The reaction mixture was stirred at 300 rpm and monitored continuously until no further uptake of hydrogen gas could be detected.,This part means to achieve continuous monitoring of the reaction mixture until no further uptake of hydrogen gas is detected.,The XDL language does not support continuous monitoring of gas uptake.,Add a step or attribute to the XDL language to allow for continuous monitoring of gas uptake.
332,"Pyridine (0.1 mL, 1.34 mmol) was added dropwise over 5 minutes.",This step aims to add pyridine dropwise over a specific time period.,The current XDL language does not support specifying the time over which a reagent is added in the Add step.,Introduce a new attribute 'time' in the Add step to specify the duration over which the reagent should be added.
333,Monitor the reaction progress using TLC.,This step is meant to monitor the progress of the reaction using Thin Layer Chromatography (TLC).,The XDL language does not currently support steps for monitoring reaction progress using TLC or any other analytical techniques.,"Add support for analytical techniques such as TLC, NMR, or GC-MS to the XDL language to allow for monitoring reaction progress."
334,A liquid nitrogen-cooled probe was inserted into the flask to facilitate removal of the last traces of solvent in vacuo.,This step is meant to ensure the complete removal of solvent by using a liquid nitrogen-cooled probe.,The current XDL language does not support the use of a liquid nitrogen-cooled probe for solvent removal.,Introduce a new step in the XDL language to handle the use of a liquid nitrogen-cooled probe for solvent removal.
335,"Add 145.4 g (0.84 mol, 1.5 equiv.) of p-toluenesulfonyl chloride in portions over 30 minutes while maintaining the internal temperature at 60 ºC.",This step aims to add p-toluenesulfonyl chloride gradually over 30 minutes while keeping the temperature constant.,The XDL language does not support adding a reagent in portions over a specified time while maintaining a specific temperature.,Introduce a new attribute or step in the XDL language to handle the addition of reagents in portions over a specified time while maintaining a specific temperature.
336,Add 400 mL of cold water in portions over 30 minutes while maintaining the temperature at 0 ºC until crystallization no longer takes place.,This step aims to add cold water gradually over 30 minutes while keeping the temperature constant until crystallization stops.,The XDL language does not support adding a reagent in portions over a specified time while maintaining a specific temperature.,Introduce a new attribute or step in the XDL language to handle the addition of reagents in portions over a specified time while maintaining a specific temperature.
337,"The solution was then irradiated for 6 hours under nitrogen using a 125W medium pressure Hg lamp, maintaining the nitrogen atmosphere throughout the irradiation period.",This part means to irradiate the solution with a 125W medium pressure Hg lamp while maintaining a nitrogen atmosphere.,The XDL language does not have a step to perform irradiation or to maintain a nitrogen atmosphere during irradiation.,Introduce a new step in the XDL language to handle irradiation and maintaining an inert atmosphere during irradiation.
338,The apparatus was left to cool for 10 minutes at a rate of 10 degrees per 2 minutes with active cooling.,This part means to cool the apparatus at a controlled rate of 10 degrees per 2 minutes.,The XDL language does not support controlled cooling at a specific rate.,Introduce a new step in the XDL language to handle controlled cooling at a specific rate.
339,The natural language procedure mentions monitoring the reaction using thin layer chromatography (TLC).,This step is meant to monitor the progress of the reaction to ensure it is proceeding as expected.,The XDL language does not currently support steps for monitoring reactions using techniques like TLC.,"To improve the XDL language, a new step for monitoring reactions using TLC or other analytical techniques should be added. This step could include attributes for the solvent system, the time intervals for monitoring, and the expected outcome."
340,"Add a solution of iodine (1.555 g, 6.13 mmol) dissolved in THF (5 mL) dropwise over approximately 1 minute while maintaining stirring at 300 rpm.",This step aims to add iodine dissolved in THF dropwise over 1 minute while stirring.,The XDL language does not support specifying the time over which a reagent is added in the Add step.,"Add a new attribute to the Add step to specify the time over which the reagent should be added, e.g., 'add_time'."
341,Seed the solution with a small amount of the product to induce crystallization.,This step is meant to induce crystallization by adding a small amount of the product.,The XDL language does not have a specific step for seeding a solution with a product to induce crystallization.,"Introduce a new step in the XDL language to handle seeding for crystallization, such as <Seed .../>."
342,Combine the filtrate and washings and evaporate the solvent under vacuum (0 mbar).,This step aims to combine the filtrate and washings before evaporating the solvent.,The current XDL language does not support combining multiple liquid sources into a single vessel before performing an operation like evaporation.,Introduce a new step in the XDL language to combine multiple liquid sources into a single vessel before performing subsequent operations.
343,Concentrate the solution to approximately 70 ml.,This step aims to reduce the volume of the solution to a specific amount.,The current XDL language does not support concentrating a solution to a specific volume.,Introduce a new step in the XDL language to concentrate a solution to a specific volume.
344,After the conversion was complete as indicated by TLC (50% ethyl acetate in petroleum ether),This step is meant to monitor the reaction progress using Thin Layer Chromatography (TLC).,The XDL language does not support steps for monitoring reaction progress using TLC or any other analytical techniques.,Include a step in the XDL language to allow for monitoring reaction progress using analytical techniques like TLC.
345,The reaction progress was monitored by thin layer chromatography (TLC) using silica gel plates and ethyl acetate as the eluent.,This step is meant to monitor the progress of the reaction using TLC.,The XDL language does not support steps for monitoring reaction progress using TLC or any other analytical techniques.,"To improve the XDL language, add support for analytical steps such as TLC, NMR, or GC to monitor reaction progress."
346,Equip the flask with a reflux condenser,This step is meant to set up the reaction apparatus with a reflux condenser to allow for heating under reflux conditions.,The XDL language does not have a step to explicitly equip a flask with a reflux condenser.,"Add a new step in the XDL language to equip a vessel with a reflux condenser, such as <EquipRefluxCondenser vessel='vessel_id'/>."
347,The beads were removed with a magnet.,This step involves manually removing the beads from the mixture using a magnet.,The current XDL language does not support steps involving manual intervention or the use of a magnet to remove solid objects.,Introduce a new step in the XDL language to handle the removal of solid objects using a magnet or other manual tools.
348,Air was pulled through the collected product for exactly 10 minutes to remove water and traces of bromine vapor.,This step involves drying the collected product by pulling air through it for a specified time.,The current XDL language does not support steps involving the use of air to dry a product. The 'Dry' step only supports vacuum drying.,Introduce a new step in the XDL language to handle air drying of collected products.
349,Pour the reaction mixture onto basic alumina (5 mL),This step is meant to transfer the reaction mixture onto a solid support (basic alumina) for further processing.,The XDL language does not support a step to pour a reaction mixture onto a solid support like basic alumina directly.,Introduce a new step in the XDL language to handle pouring or transferring a reaction mixture onto a solid support.
350,Allow the mixture to stand at room temperature (25°C) for 2 days.,This step is meant to let the reaction mixture stand undisturbed at room temperature for an extended period.,"The XDL language does not have a specific step to let a mixture stand undisturbed for a long period. The closest step is 'Wait', but it is not suitable for such long durations.","Introduce a new step in the XDL language to allow a mixture to stand undisturbed for an extended period, such as 'Stand'."
351,The step involving the use of a 10 mL pressure-equalized dropping funnel to add water dropwise over 60 minutes.,This step is meant to decompose the excess lithium aluminum hydride by adding water slowly over a period of 60 minutes.,The XDL language does not support the use of a pressure-equalized dropping funnel or the ability to add a reagent over a specified time period.,"The XDL language should be extended to include a step for adding reagents over a specified time period, possibly with a 'dropwise' attribute."
352,The step involving the use of a 2 mL conical distilling flask equipped with a short path distilling head and an oil bath.,This step is meant to distill the residue under full rotary pump vacuum with the oil bath set to 150°C.,The XDL language does not support the use of a distilling flask or a short path distilling head.,The XDL language should be extended to include components for distillation equipment and steps for performing distillation.
353,The silica was flushed with a 10% diethyl ether in petroleum ether solution (v/v).,This step involves flushing the silica with a specific solvent mixture after filtration.,The XDL language does not have a direct way to specify flushing a filtration medium with a solvent mixture.,Introduce a new step in the XDL language to handle flushing a filtration medium with a solvent mixture.
354,Heat the solution to boiling using a sand bath while stirring at 300 rpm.,The procedure requires heating the solution to its boiling point using a sand bath.,The XDL language does not support specifying the use of a sand bath for heating. It only allows for general heating or chilling without specifying the heating method.,"Extend the XDL language to include a method attribute for heating steps to specify the heating method (e.g., sand bath, oil bath, etc.)."
355,A reflux condenser equipped with a scrubber was fitted,This part means to fit a reflux condenser with a scrubber to the reaction setup to manage the exothermic reaction and the evolution of gaseous nitrogen oxides.,The current XDL language does not support the explicit fitting of a reflux condenser or scrubber to the reaction setup.,Add support for fitting additional hardware components like reflux condensers and scrubbers to the XDL language.
356,"The collected water was removed by decanting or using a pipette, and the Dean-Stark apparatus was carefully replaced with a reflux condenser while maintaining the nitrogen atmosphere.",This part describes the removal of water and replacement of the Dean-Stark apparatus with a reflux condenser while maintaining an inert atmosphere.,The XDL language does not support steps for manually replacing apparatus or maintaining an inert atmosphere during such a replacement.,Introduce steps in the XDL language to handle apparatus replacement and maintaining inert atmosphere during such operations.
357,Perform bulb to bulb distillation at 60°C under 0.04 mmHg pressure to yield 1-phenylpent-1-en-4-one as a pale yellow oil.,This step aims to purify the final product by distillation under specific conditions.,The XDL language does not currently support a step for bulb to bulb distillation.,"Add a new step in the XDL language to support bulb to bulb distillation, including attributes for temperature, pressure, and time."
358,Evaporate the solvent under reduced pressure (0 mbar),This step aims to remove the solvent by evaporation under vacuum conditions.,The XDL language does not support specifying a pressure of 0 mbar for the Evaporate step. The minimum pressure typically supported is above 0 mbar.,"Improve the XDL language to support specifying a pressure of 0 mbar for the Evaporate step, or provide an alternative way to represent complete solvent removal under vacuum conditions."
359,"From this point on, all operations were performed in the dark, and all solutions were kept at 0°C.",This part means to ensure that the subsequent steps are performed in the dark and at a constant temperature of 0°C.,"The XDL language does not have a way to specify that operations should be performed in the dark. Additionally, maintaining a constant temperature for all subsequent steps is not directly supported.","To improve the XDL language, add attributes or steps to specify environmental conditions like 'dark' and 'constant temperature'."
360,Fit an efficient condenser and thermometer such that the thermometer reads the temperature of the suspension.,This part means to set up the reaction apparatus with a condenser and thermometer to monitor the temperature.,The XDL language does not have steps to specify the setup of a condenser and thermometer.,Add steps to the XDL language to specify the setup of additional hardware like condensers and thermometers.
361,The U material is radioactive so please follow your local rules.,This part means to handle the material with special precautions due to its radioactivity.,The XDL language does not have steps to specify handling precautions for radioactive materials.,Add steps to the XDL language to specify handling precautions for hazardous materials.
362,"A slow stream of nitrogen was passed through the test-tube into the stirred mixture of 4-mercaptophenol (6.3 g, 0.05 mol) and Et3N (3 drops) heated on a water bath at 45 ºC.",This part means to maintain a slow stream of nitrogen through the test-tube while the reaction is being carried out.,The XDL language does not support a step to maintain a continuous flow of gas through a vessel while heating and stirring.,Introduce a new step in the XDL language to maintain a continuous flow of gas through a vessel while heating and stirring.
363,The cooling rate of 10 degrees per 2 minutes,This part means to cool the reaction mixture from 100°C to 25°C at a controlled rate of 10 degrees per 2 minutes.,The current XDL language does not support specifying a cooling rate. It only allows setting a target temperature and time.,"To improve the XDL language, add an attribute to the HeatChill step to specify the cooling rate. For now, we can approximate this by setting the final temperature and time."
364,Under a nitrogen atmosphere and protected from light,Maintain an inert atmosphere and protect the reaction from light,The XDL language does not have a step to protect the reaction from light,"Add a new step to the XDL language to protect the reaction from light, such as <ProtectFromLight>."
365,"Monitor the completion of the reaction by TLC, observing the disappearance of the starting material.",This step is meant to check the progress of the reaction using Thin Layer Chromatography (TLC).,The XDL language does not support steps for monitoring reactions using TLC or any other analytical techniques.,"To improve the XDL language, a new step for monitoring reactions using TLC or other analytical techniques should be added."
366,Lower the solution into a slush bath at -5°C to -10°C,This step is meant to cool the solution to a specific temperature range using a slush bath.,The XDL language does not support the concept of a slush bath or a temperature range for cooling. It only allows setting a specific temperature.,Introduce a new step or attribute in the XDL language to handle temperature ranges or specific cooling methods like slush baths.
367,Pour the solution over Celite at the pump,This step is meant to filter the solution through Celite using a pump.,The XDL language does not support the concept of using a pump for filtration. It only allows for filtration through a filter component or a cartridge.,Introduce a new step or attribute in the XDL language to handle filtration using a pump.
368,Bubble chlorine gas into the solution at a slow rate in a fume hood until the color changes from blue to green.,Introduce chlorine gas into the solution until a color change is observed.,The XDL language does not support conditional steps based on color change or other visual indicators.,Introduce a conditional step feature in the XDL language that allows for actions based on visual indicators such as color change.
369,Store the blue oil in a refrigerator for a few days until it solidifies to a colorless solid.,Store the blue oil at a low temperature for an extended period to allow it to solidify.,The XDL language does not support long-term storage steps or steps that span multiple days.,"Introduce a long-term storage step in the XDL language that allows for extended periods of time, possibly with temperature control."
370,"The crude product was purified by column chromatography under a dinitrogen atmosphere, eluting with a 1:1 mixture of chloroform and petroleum ether (40-60°C).",This part means to perform column chromatography under an inert atmosphere.,The XDL language does not support running column chromatography under an inert atmosphere.,Add support for running column chromatography under an inert atmosphere in the XDL language.
371,monitoring the reaction progress by TLC,This part means to monitor the reaction progress using Thin Layer Chromatography (TLC).,The XDL language does not have a step to monitor reaction progress using TLC or any other analytical technique.,Introduce a new step in the XDL language to monitor reaction progress using TLC or other analytical techniques.
372,Heat the reaction mixture on a heating mantle to 220°C and maintain this temperature for 24 hours with gentle reflux.,This part means to heat the reaction mixture to 220°C and maintain it at that temperature for 24 hours with gentle reflux.,The XDL language does not have a specific step for maintaining reflux conditions. The HeatChill step can control temperature but does not explicitly handle reflux.,Add a reflux step to the XDL language to handle conditions where reflux is required. This step should allow for heating to a specific temperature and maintaining it with reflux.
373,"Recrystallization process involving heating, stirring, cooling, and then evaporating the solvent.","This part aims to dissolve the solid in methanol by heating and stirring, then cooling to precipitate the product, and finally evaporating the solvent.","The XDL language does not support a single step for recrystallization that involves heating, stirring, cooling, and then evaporating the solvent. These steps need to be broken down into individual steps.","The XDL language should include a dedicated recrystallization step that combines heating, stirring, cooling, and evaporating. Alternatively, the process can be broken down into individual steps as shown in the missing_steps section."
374,Remove the solvent under vacuum (0 mbar) to obtain a crude yellow/orange solid.,This step aims to remove the solvent under vacuum to obtain a solid product.,The XDL language does not support specifying the pressure for the Evaporate step when the mode is set to 'auto'. The current XDL language only allows specifying pressure when the mode is 'manual'.,Improve the XDL language to allow specifying pressure for the Evaporate step when the mode is set to 'auto'.
375,The solution should be sparged with argon for 30 minutes while in an ice bath.,This step aims to purge the solution with argon while keeping it at a low temperature using an ice bath.,The XDL language does not support simultaneous purging and temperature control (cooling) in a single step.,Add support for simultaneous purging and temperature control in the XDL language.
376,placed in an ice bath (0°C) under a dinitrogen atmosphere,The reaction mixture needs to be cooled to 0°C and maintained under a nitrogen atmosphere.,The XDL language does not support the explicit combination of cooling and maintaining an inert atmosphere in a single step.,"Introduce a new step that allows for simultaneous cooling and maintaining an inert atmosphere, or allow combining existing steps to achieve this."
377,"The sidearm was attached to a double manifold Schlenk line, and the flask was cycled three times between vacuum and argon.",This step is meant to create an inert atmosphere by cycling between vacuum and argon.,The XDL language does not support the concept of a Schlenk line or the specific action of cycling between vacuum and argon.,"Introduce a new step in the XDL language to handle Schlenk line operations, including cycling between vacuum and inert gas."
378,"Under a flow of argon, the stopper was removed, methanol (150 mL) was added, and the flask was re-stoppered.",This step is meant to add methanol under an inert atmosphere.,The XDL language does not support the concept of adding reagents under a flow of inert gas.,Introduce a new attribute in the Add step to specify the addition under an inert gas flow.
379,"Under a flow of argon, the stopper was removed again, PdCl2 (1.05 g, 5.9 mmol) was added, and the flask was re-stoppered.",This step is meant to add PdCl2 under an inert atmosphere.,The XDL language does not support the concept of adding reagents under a flow of inert gas.,Introduce a new attribute in the Add step to specify the addition under an inert gas flow.
380,"The sidearm tap and Schlenk line tap were both left open to argon. An oil bubbler was attached to a second tap of the Schlenk line, and the tap was opened to argon.",This step is meant to maintain an inert atmosphere using an oil bubbler.,The XDL language does not support the concept of an oil bubbler or maintaining an inert atmosphere through a Schlenk line.,Introduce a new step in the XDL language to handle oil bubbler operations and maintaining an inert atmosphere.
381,A Schlenk condenser was fitted to the round bottom flask.,This step is meant to attach a Schlenk condenser to the reaction vessel to allow for reflux under an inert atmosphere.,The XDL language does not have a step to attach or use a Schlenk condenser.,"Add a new step in the XDL language to attach a Schlenk condenser to a vessel, e.g., <AttachCondenser vessel='reactor' type='Schlenk' />."
382,Add sulfuric acid dropwise until the solution is acidic (pH < 7).,This step aims to adjust the pH of the solution by adding sulfuric acid dropwise until the solution becomes acidic.,The XDL language does not support pH measurement or conditional steps based on pH. It only allows for the addition of reagents in specified amounts.,"To improve the XDL language, a feature for pH measurement and conditional steps based on pH should be added. This would allow for more precise control over the reaction conditions."
383,The vessel was connected to a Schlenk line and with stirring at 300 rpm at 18°C was briefly evacuated followed by charging with CO to 1 atm. This cycle was repeated 3 times and the vessel left open to an atmosphere of CO (1 atm).,This part means to achieve an inert atmosphere by evacuating and refilling the vessel with CO gas.,The XDL language does not support the concept of connecting to a Schlenk line or leaving the vessel open to an atmosphere of CO.,"To improve the XDL language, add support for connecting to a Schlenk line and maintaining an atmosphere of a specific gas. For now, the closest approximation is using the EvacuateAndRefill step."
384,The flask was equipped with a drying tube and heated in an oil bath at 80 °C for 2 hours.,This part means to maintain an inert atmosphere while heating the reaction mixture.,The XDL language does not currently support the concept of equipping a flask with a drying tube or maintaining an inert atmosphere while heating.,Add support for maintaining an inert atmosphere while heating in the XDL language. This could be done by adding a new attribute to the HeatChill step or by introducing a new step that combines heating and maintaining an inert atmosphere.
385,The natural language procedure mentions that the mixture becomes wine-red in color after the addition of sulfuric acid to acetic anhydride.,This part is meant to describe a visual observation indicating the progress of the reaction.,The XDL language does not support steps for visual observations or color changes.,"To improve the XDL language, consider adding a step to record visual observations or color changes."
386,"Evacuate the vessel to 0 mbar at -78 °C, then seal and allow to warm to 25 °C at a rate of 10 degrees per 2 minutes.",This part aims to evacuate the vessel to 0 mbar at -78 °C and then allow it to warm to 25 °C at a controlled rate.,The XDL language does not support the combination of evacuation and controlled warming in a single step. The current XDL language does not have a step to control the warming rate after evacuation.,"Introduce a new step in the XDL language that allows for controlled warming after evacuation, or allow combining multiple steps to achieve this."
387,"Freshly distilled 1-ethylimidazole (79.6 g, 828 mmol) was added to a three-necked round-bottomed flask fitted with a dropping funnel, thermometer, and nitrogen line.",This part describes the setup of the reaction vessel with specific equipment.,"The XDL language does not support specifying the type of flask (three-necked round-bottomed) or the specific equipment (dropping funnel, thermometer, nitrogen line) attached to it.",Extend the XDL language to allow specifying additional equipment and configurations for reaction vessels.
388,"Freshly distilled dimethyl sulfate (100.7 g, 798 mmol) was added dropwise over seven hours under a nitrogen atmosphere, ensuring the temperature of the reaction mixture did not exceed 30 °C.",This part describes the addition of dimethyl sulfate dropwise over a specific time period while maintaining a temperature limit.,The XDL language does not support specifying the duration of the dropwise addition directly within the Add step.,Extend the XDL language to allow specifying the duration of dropwise addition within the Add step.
389,The system was cooled to 25°C over 12 hours,This part means to gradually cool the reaction mixture from reflux temperature to 25°C over a period of 12 hours.,The current XDL language does not support a gradual cooling process over a specified time period.,Introduce a new step in the XDL language that allows for gradual temperature changes over a specified time period.
390,Monitor the reaction progress by TLC.,This step is meant to check the progress of the reaction using Thin Layer Chromatography (TLC).,The XDL language does not have a step to monitor reaction progress using TLC or any other analytical technique.,"Introduce a new step in the XDL language to allow for monitoring reaction progress using analytical techniques like TLC, HPLC, etc."
391,"After evaporation of volatiles under reduced pressure (0 mbar) at ambient temperature (25°C), a liquid nitrogen-cooled probe was inserted into the flask to facilitate removal of the last traces of solvent in vacuo.",This step aims to remove the last traces of solvent using a liquid nitrogen-cooled probe.,The XDL language does not support the use of a liquid nitrogen-cooled probe for solvent removal.,Introduce a new step in the XDL language to handle the use of a liquid nitrogen-cooled probe for solvent removal.
392,"The flask was fitted with a condenser and the mixture was heated to reflux (boiling point of triethyl orthoformate, 146°C) while stirring at 300 rpm for 48 hours, open to the air.",This part means to achieve heating the mixture to reflux while stirring and keeping the system open to the air.,The XDL language does not have a specific step to fit a condenser or to specify that the system should be open to the air.,Add a step in the XDL language to fit a condenser and specify that the system should be open to the air.
393,A septum was immediately fitted under a flow of argon.,This step is meant to ensure an inert atmosphere by fitting a septum under a flow of argon.,The XDL language does not have a step to fit a septum under a flow of argon.,Add a step in the XDL language to fit a septum under a flow of inert gas.
394,The reaction was judged to be complete by HPLC analysis.,This step is meant to check the completion of the reaction using HPLC analysis.,The XDL language does not have a step to perform HPLC analysis.,Add a step in the XDL language to perform HPLC analysis.
395,"Test for the consumption of aldehyde using a 2,4-DNP spot test.",This step is meant to check if the reaction has gone to completion by testing for the presence of aldehyde.,The XDL language does not support analytical steps such as spot tests.,"Include a new step type for analytical tests in the XDL language, such as <SpotTest .../>."
396,Prepare Me4NBH2(OAc)2 by mixing Me4NBH4 (1 eq) and acetic acid (2 eq) in DMF and stirring at 300 rpm until no further evolution of nitrogen gas is observed.,This step is meant to prepare Me4NBH2(OAc)2 by reacting Me4NBH4 with acetic acid in DMF.,The XDL language does not support monitoring gas evolution.,"Include a new step type for monitoring gas evolution in the XDL language, such as <MonitorGasEvolution .../>."
397,The step involving TLC to check the reaction completion.,This step is used to monitor the progress of the reaction and determine when it is complete.,The XDL language does not currently support steps for analytical techniques like TLC.,"Add support for analytical steps such as TLC, NMR, or GC to monitor reaction progress."
398,All operations should be conducted with oven-dried glassware which has been allowed to cool under an atmosphere of argon.,This part means to ensure that the glassware is dry and free of moisture by heating it in an oven and then cooling it under an inert atmosphere.,"The XDL language does not have a step to specify the preparation of glassware, such as drying it in an oven and cooling it under an inert atmosphere.","Introduce a new step in the XDL language to specify the preparation of glassware, including drying and cooling under an inert atmosphere."
399,Quickly replace the condenser and dropping funnel with stoppers and a filter stick (approximately 5 cm in diameter) fitted into the third neck.,This part means to replace the condenser and dropping funnel with stoppers and a filter stick to prepare for filtration.,The XDL language does not have a step to specify the replacement of hardware components during the procedure.,Introduce a new step in the XDL language to specify the replacement of hardware components during the procedure.
400,The use of a pretrap for solvent removal under reduced pressure.,"The pretrap is used to collect solvent vapors before they reach the vacuum pump, preventing contamination.",The current XDL language does not support the specification of a pretrap in the Evaporate step.,Add support for specifying a pretrap in the Evaporate step in the XDL language.
401,Kugelrohr distillation for further purification.,Kugelrohr distillation is used to purify the final product by distillation under high vacuum.,The current XDL language does not support Kugelrohr distillation.,Add a new step for Kugelrohr distillation in the XDL language.
402,Evaporate under vacuum (0.01 mm) to obtain a white solid.,This step aims to remove the solvent under a very low pressure (0.01 mmHg) to obtain a solid product.,The current XDL language does not support specifying such a low pressure (0.01 mmHg) for the Evaporate step.,"Extend the XDL language to allow specifying very low pressures for the Evaporate step, including pressures in mmHg."
403,Confirm reaction completion by GC/MS analysis.,This step is meant to confirm the completion of the reaction using GC/MS analysis.,The XDL language does not support steps for analytical techniques like GC/MS analysis.,Add support for analytical steps like GC/MS analysis in the XDL language.
404,Assemble a plug of silica as per the diagram in the Data Files by adding 12.24 g (3-4 weight equivalents) of silica to a 60 mL coarse-porosity fritted glass funnel. Place an appropriately sized piece of filter paper on top of the dry silica gel layer and pre-wet with hexanes. Gently add the dry packed material evenly atop the filter paper and place another piece of appropriately sized filter paper on top.,This step is meant to prepare a silica plug for column chromatography.,The XDL language does not support detailed assembly steps for column chromatography setups.,Add support for detailed assembly steps for column chromatography setups in the XDL language.
405,Add tributyltin hydride dropwise over 20 minutes while maintaining the temperature at 100 °C and stirring at 300 rpm.,This part aims to add tributyltin hydride dropwise over a specific time period while maintaining specific temperature and stirring conditions.,The current XDL language does not support specifying the time over which a reagent is added in the Add step.,Introduce a new attribute 'time' in the Add step to specify the duration over which the reagent should be added.
406,The Schlenk vessel was then vacuum degassed at 0 mbar and left under argon.,This step aims to remove air from the vessel and replace it with argon to create an inert atmosphere.,The XDL language does not support a direct way to specify vacuum degassing at 0 mbar.,Add a new step in the XDL language to support vacuum degassing at a specified pressure.
407,The flask was fitted with an open-top water-cooled condenser and heated to the boiling point of methanol (64.7°C) using a mineral oil bath on a hot plate while stirring at 300 rpm.,"This part describes the setup of the reaction apparatus, specifically the use of a water-cooled condenser and heating with a mineral oil bath.",The XDL language does not have a way to specify the use of a condenser or the specific heating method (mineral oil bath).,Extend the XDL language to include attributes for specifying the use of condensers and different heating methods.
408,The solution was shaken in a separatory funnel with aqueous sodium sulfite solution until the purple color of iodine was removed.,This part describes the shaking of the solution in a separatory funnel until a color change is observed.,The XDL language does not support conditional steps based on visual observations such as color changes.,Extend the XDL language to include conditional steps based on visual observations or other sensor data.
409,Place the flask in an ice bath,This step is meant to cool the reaction mixture using an ice bath.,"The XDL language does not have a direct way to specify the use of an ice bath. The closest available step is HeatChillToTemp, but it does not specify the use of an ice bath.",Add a new step in the XDL language to specify the use of an ice bath for cooling.
410,Dry by passing air through the Buchner funnel for 30 minutes,This step is meant to dry the solid by passing air through it.,"The XDL language does not have a step to specify drying by passing air through a Buchner funnel. The closest available step is Dry, but it typically uses vacuum.",Add a new step in the XDL language to specify drying by passing air through a solid.
411,"Add dropwise over 4 minutes n-butyllithium (7.5 ml, 2.4 M in hexanes, 1.5 equiv)",This part means to add n-butyllithium dropwise over a specific time period.,The current XDL language does not support specifying the time over which a reagent is added dropwise.,Add support for specifying the time over which a reagent is added dropwise in the Add step.
412,"Mix 4-(9-anthracenyl)butyl azide (1.186 g, 4.31 mmol) and Pd/C (10%, 0.0436 g) in absolute ethanol (80 ml) under a hydrogen atmosphere (balloon)",This part means to mix the reagents under a hydrogen atmosphere using a balloon.,The current XDL language does not support specifying the use of a hydrogen balloon for creating a hydrogen atmosphere.,Add support for specifying the use of a hydrogen balloon in the StartPurge step.
413,The addition of m-Cresol dropwise over 30 minutes while stirring at 300 rpm.,This part means to add m-Cresol slowly over a period of 30 minutes while maintaining a stirring speed of 300 rpm.,The current XDL language does not support specifying the time over which a reagent is added in the Add step.,The XDL language should be extended to include an attribute for specifying the time over which a reagent is added in the Add step.
414,Monitor the reaction with TLC using 100% n-hexane as the eluent.,This step is meant to monitor the progress of the reaction using Thin Layer Chromatography (TLC).,The XDL language does not support steps for monitoring reactions using TLC or any other analytical techniques.,"To improve the XDL language, a new step for monitoring reactions using TLC or other analytical techniques should be added."
415,Add cyclohexanone dropwise over 30 minutes,Add cyclohexanone slowly to the reaction mixture to control the reaction rate.,The XDL language does not support a 'time' attribute for the 'Add' step to specify the duration over which a reagent should be added.,Introduce a 'time' attribute for the 'Add' step to specify the duration over which a reagent should be added.
416,"Firstly, a 25 ml round bottom flask was flame dried and fitted with a reflux condenser.",This step involves flame drying a flask and fitting it with a reflux condenser.,The XDL language does not support steps for flame drying or fitting hardware components like a reflux condenser.,"Introduce steps in the XDL language to handle hardware preparation, such as drying and fitting components."
417,"The reaction progress was monitored by thin layer chromatography (100% ethyl acetate, Rf = 0.46).",This step involves monitoring the reaction progress using thin layer chromatography (TLC).,The XDL language does not support steps for monitoring reaction progress using TLC or any other analytical techniques.,Introduce steps in the XDL language to handle reaction monitoring and analytical techniques.
418,a short air condenser was set on the flask,This step likely means to attach a condenser to the reaction vessel to prevent loss of volatile components during heating.,The XDL language does not have a step to attach or set up a condenser.,Introduce a new step in the XDL language to attach or set up a condenser to a vessel.
419,The step involving the addition of magnesium sulfate (MgSO4) to the reaction mixture.,The MgSO4 is intended to act as a drying agent in the reaction mixture.,The XDL language does not support the addition of a drying agent directly into the reaction mixture. Drying agents are typically used in a cartridge for filtration.,Improve the XDL language to support the addition of drying agents directly into the reaction mixture or provide a method to simulate this action.
420,"The mixture was placed in a domestic microwave oven and irradiated at 600 W power for 1 minute, after which the solids had melted to a clear liquid and gas evolution was observed. Irradiation was continued for an additional 30 seconds.","This part describes the use of a microwave oven to heat the reaction mixture, which is not a standard heating method in the XDL language.","The XDL language does not support the use of a microwave oven for heating. It only supports heating via temperature control steps like HeatChill, HeatChillToTemp, StartHeatChill, and StopHeatChill.","To improve the XDL language, a new step for microwave heating should be introduced. For now, this step cannot be executed as described."
421,Monitor the temperature and use an ice bath if necessary to maintain room temperature (25°C).,This part means to ensure that the reaction mixture does not exceed room temperature by using an ice bath if necessary.,The XDL language does not have a step to conditionally use an ice bath based on temperature monitoring.,Introduce a conditional temperature control step in the XDL language that allows for dynamic temperature adjustments based on real-time monitoring.
422,The mixture was allowed to warm slowly over 12 hours at a rate of 10 degrees per 2 minutes.,This part means to gradually increase the temperature of the mixture over a period of 12 hours at a specific rate.,The current XDL language does not support a step to gradually increase the temperature at a specific rate over a long period.,"Introduce a new step in the XDL language that allows for gradual temperature changes over a specified period, such as <GradualHeatChill> with attributes for start_temp, end_temp, rate, and time."
423,Cool the solution to -30°C for 12 hours to yield a dark red crystalline product.,This step aims to crystallize the product by cooling the solution to -30°C for 12 hours.,The XDL language does not have a specific step for crystallization or precipitation by cooling over an extended period.,"Introduce a new step in the XDL language for crystallization by cooling, which includes attributes for temperature and time."
424,The freeze-pump-thaw degassing step for the second reaction,"This step is used to remove dissolved gases from the reaction mixture by freezing the mixture, applying vacuum, and then thawing it.",The XDL language does not have a specific step to perform freeze-pump-thaw degassing.,"Introduce a new step in the XDL language to handle freeze-pump-thaw degassing, which would involve freezing the mixture, applying vacuum, and then thawing it."
425,Attach a Dean-Stark trap and reflux condenser to the flask.,This step is meant to set up the apparatus for reflux and water removal.,The current XDL language does not support the explicit attachment of specific apparatus like a Dean-Stark trap or reflux condenser.,"Extend the XDL language to include steps for setting up specific apparatus configurations, such as attaching a Dean-Stark trap or reflux condenser."
426,"Excess 1,4-dibromopentane (34.5 g) was distilled off at 35-40°C under 0.3 mmHg of pressure.","This part aims to remove excess 1,4-dibromopentane by distillation under specific conditions.","The XDL language does not currently support a distillation step, which is required to achieve this part of the procedure.",Add a distillation step to the XDL language to handle such operations. The distillation step should allow specifying the temperature range and pressure conditions.
427,Fit an efficient condenser and a thermometer such that the thermometer reads the temperature of the suspension.,This step is meant to ensure that the temperature of the reaction mixture is accurately monitored and controlled.,The current XDL language does not support the explicit addition of a condenser or thermometer to the setup.,Add support for components like condensers and thermometers in the XDL language to ensure accurate temperature control and monitoring.
428,"Use a heating mantle with a magnetic stirrer, preferably a Heidolph, or a silicone or Lutron oil-bath.",This step is meant to specify the type of heating and stirring equipment to be used.,The current XDL language does not support specifying the brand or type of heating and stirring equipment.,Add support for specifying the type or brand of heating and stirring equipment in the XDL language.
429,Cool with an ice bath if necessary.,This step is meant to provide a contingency plan for cooling the reaction mixture if the temperature exceeds a certain limit.,The current XDL language does not support conditional steps or contingency plans.,Add support for conditional steps or contingency plans in the XDL language.
430,"Thin-layer chromatography (TLC) was used to monitor the reaction progress (Hexane-EtOAc/1:1, product Rf 0.31, starting material Rf 0.1).",This step is used to monitor the progress of the reaction using TLC.,The XDL language does not support steps for monitoring reaction progress using TLC or any other analytical techniques.,Introduce a new step in the XDL language to allow for monitoring reaction progress using analytical techniques like TLC.
431,Distill the product using a Kugelrohr apparatus. Collect the fraction boiling at 152-156°C at 26 mmHg.,This step aims to purify the product by distillation using a Kugelrohr apparatus.,The XDL language does not currently support distillation steps or the use of a Kugelrohr apparatus.,Add support for distillation steps and specific apparatus like Kugelrohr in the XDL language.
432,Add the Grignard reagent solution via a cannula with stirring at 1000 rpm.,Transfer the Grignard reagent solution from one vessel to another using a cannula while stirring at 1000 rpm.,The XDL language does not support the concept of transferring a solution via a cannula.,"Introduce a new step in the XDL language to handle cannula transfers, or use the existing Transfer step with an additional attribute to specify the use of a cannula."
433,Fit a reflux condenser and heat the solution to 100°C on a boiling water bath for one hour while stirring at 300 rpm.,Attach a reflux condenser to the reactor and heat the solution to 100°C using a boiling water bath while stirring.,The XDL language does not support the concept of fitting a reflux condenser.,"Introduce a new step in the XDL language to handle the fitting of a reflux condenser, or use the existing HeatChill step with an additional attribute to specify the use of a reflux condenser."
434,Seed the solution to induce crystallization.,This step is meant to induce crystallization by adding a seed crystal to the solution.,The XDL language does not have a step to explicitly add a seed crystal to induce crystallization.,Introduce a new step in the XDL language to add a seed crystal to a solution to induce crystallization.
435,"Cool the solution to 25°C using an ice bath, cooling at a rate of 10 degrees per 2 minutes.",This part aims to cool the solution gradually to 25°C at a specific rate.,The current XDL language does not support specifying a cooling rate. It only allows setting a target temperature and optionally a time to reach that temperature.,Enhance the XDL language to include an attribute for specifying the cooling rate in the HeatChillToTemp or HeatChill step.
436,"The collected water was removed, and the Dean-Stark apparatus was replaced with a reflux condenser.",This step involves removing water collected in the Dean-Stark apparatus and replacing the apparatus with a reflux condenser.,The XDL language does not support steps for removing collected water or replacing apparatus.,Add steps to the XDL language to handle the removal of collected water and the replacement of apparatus.
437,The residue was distilled under vacuum at 50°C and 4·10-3 mbar.,This step involves distilling the residue under specific vacuum conditions.,The XDL language does not support distillation under specific vacuum conditions.,Add a distillation step to the XDL language that allows for specifying temperature and vacuum conditions.
438,The use of rubber stopper fitted apparatus and Tygon tubing connections.,This part describes the specific setup of the apparatus using rubber stoppers and Tygon tubing to connect different components.,The XDL language does not have a way to specify the use of rubber stoppers or Tygon tubing connections between components.,"To improve the XDL language, add attributes or components to specify the use of rubber stoppers and tubing connections between vessels."
439,The use of a water condenser.,This part describes the use of a water condenser in the setup.,The XDL language does not have a component type for a condenser.,"To improve the XDL language, add a component type for condensers."
440,"A dry glass fibre Soxhlet thimble was charged with anhydrous iron(II) chloride (5.0 g, 39.4 mmol) inside an inert gas glove box and connected to a round-bottomed Schlenk flask filled with anhydrous THF (200 mL).","This step involves using a Soxhlet thimble and a Schlenk flask, which are not defined in the XDL language.","The XDL language does not support the use of Soxhlet thimbles or Schlenk flasks, nor does it support the concept of charging a thimble inside an inert gas glove box.","Extend the XDL language to include Soxhlet thimbles and Schlenk flasks as hardware components, and add steps to handle operations inside an inert gas glove box."
441,"The flask was placed under nitrogen flow, and the outlet was fitted with a saturated NaOH(aq) scrubber.",This step aims to maintain an inert atmosphere while also scrubbing any acidic gases released.,The XDL language does not support the concept of fitting an outlet with a scrubber.,"Add a new step in the XDL language to support the use of scrubbers in the setup, such as <AttachScrubber>."
442,Place the combined filtrates in a dry ice/acetone bath (-78 °C) and allow to stand until the perester precipitates as white needles.,This step aims to cool the combined filtrates to -78 °C to precipitate the perester.,"The XDL language does not support the concept of a dry ice/acetone bath directly. The closest available step is HeatChill, but it does not specify the use of a dry ice/acetone bath.","Extend the XDL language to include a step for cooling with a specific cooling bath, such as a dry ice/acetone bath."
443,"recrystallize it from ethyl acetate by adding ethyl acetate to the solid, heating to boiling, stirring for some time, cooling to room temperature, and evaporating the solvent.","This part aims to recrystallize the yellow precipitate by dissolving it in ethyl acetate, heating to boiling, stirring, cooling, and then evaporating the solvent.","The XDL language does not have a specific step for recrystallization, which involves multiple steps like dissolving, heating, cooling, and evaporating in a specific sequence.","Introduce a new step for recrystallization that can handle the sequence of dissolving, heating, cooling, and evaporating in one go. Alternatively, provide a detailed sequence of steps to achieve recrystallization."
444,"The solution was poured into a crystallizing dish. After 3 days, the orange crystals formed were filtered and washed with acetone (20 mL) followed by diethyl ether (20 mL), performing 3 washes with each solvent.",This part describes the crystallization process which involves waiting for 3 days for the crystals to form.,The XDL language does not support a direct crystallization step or a way to wait for a specific period for crystallization to occur.,Introduce a crystallization step in the XDL language that allows for waiting for a specific period for crystals to form.
445,Pour the mixture into 500 mL of water.,This step is meant to dilute the reaction mixture with water.,"The XDL language does not support a 'pour' action directly. Instead, it uses 'Add' or 'Transfer' steps.",Introduce a 'Pour' step in the XDL language to handle such actions.
446,Stir the mixture with an overhead stirrer at 300 rpm for 18 hours to break up the lumps.,This step is meant to stir the mixture for an extended period to ensure homogeneity.,"The XDL language does not support specifying the type of stirrer (e.g., overhead stirrer).",Introduce an attribute to specify the type of stirrer in the 'Stir' step.
447,"Distill the product using a Kugelrohr apparatus, and collect the fraction boiling at 152-156°C at 26 mmHg.",This step aims to purify the product by distillation using a Kugelrohr apparatus.,"The XDL language does not currently support distillation steps, especially specifying the boiling point range and pressure for distillation.","To improve the XDL language, a new step for distillation should be added, allowing specification of boiling point range and pressure. For now, this step cannot be executed."
448,A Soxhlet extractor equipped with a dry paper thimble charged with excess powdered CaH2 and condenser was fitted.,This step involves setting up a Soxhlet extractor with a drying agent (CaH2) to ensure the reaction is performed under dry conditions.,The current XDL language does not support the concept of a Soxhlet extractor or the fitting of a condenser with a drying agent.,"Extend the XDL language to include components like Soxhlet extractors and condensers, and allow for the specification of drying agents within these components."
449,The condenser outlet was fitted with a T-joint allowing the reaction to be performed under an atmosphere of dry dinitrogen.,This step ensures that the reaction is performed under an inert atmosphere of dry nitrogen.,The XDL language does not currently support the fitting of a T-joint to a condenser or the specification of an inert atmosphere in this manner.,Extend the XDL language to include the ability to fit additional components like T-joints and specify the atmosphere under which the reaction is performed.
450,The round-bottomed Schlenk flask was then fitted with a condenser and N2 bubbler and heated to 60°C for 2 hours (solution turns light green in color).,This part means to fit the flask with a condenser and N2 bubbler before heating.,The XDL language does not have a step to fit a condenser and N2 bubbler to a vessel.,Add steps to the XDL language to fit a condenser and N2 bubbler to a vessel.
451,Equip the flask with a graduated Dean-Stark trap and a reflux condenser.,This part means to set up the reaction apparatus with specific equipment to facilitate the removal of water during the reaction.,The XDL language does not currently support the specification of additional hardware like a Dean-Stark trap or a reflux condenser.,Extend the XDL language to include the ability to specify additional hardware components like Dean-Stark traps and reflux condensers.
452,Maintain reflux until 0.9 mL of water is collected in the Dean-Stark trap.,This part means to continue heating the reaction mixture until a specific amount of water is collected.,The XDL language does not support conditional steps based on the collection of a specific volume of a byproduct.,Extend the XDL language to include conditional steps based on the collection of specific volumes of byproducts.
453,"A rubber tube exiting the water condenser led to a one-liter water-filled inverted graduated cylinder in a water trough, allowing for easy monitoring of nitrogen evolution.",This part describes a setup for monitoring nitrogen gas evolution during the reaction.,The XDL language does not support steps for setting up or monitoring gas evolution using external apparatus like a water-filled inverted graduated cylinder.,Extend the XDL language to include steps for setting up and monitoring gas evolution using external apparatus.
454,The step involving active cooling to room temperature at a rate of 10 degrees per 2 minutes.,This part means to cool the reaction mixture from 100°C to 25°C at a controlled rate of 10 degrees per 2 minutes.,The current XDL language does not support specifying a cooling rate. It only allows setting a target temperature and optionally whether to actively heat/chill.,Improve the XDL language to include an attribute for specifying the cooling rate in the HeatChillToTemp step.
455,The completion of the reaction was monitored through TLC every hour using a 10% ethyl acetate/hexanes mixture (product Rf = 0.51).,This part means to check the progress of the reaction using Thin Layer Chromatography (TLC) every hour.,The XDL language does not support steps for monitoring reaction progress using TLC.,"Introduce a new step in the XDL language for monitoring reaction progress using TLC, specifying the solvent system and frequency of checks."
456,The system was flushed with argon for 8 minutes.,This step is meant to purge the system with argon to remove any oxygen or moisture.,The XDL language does not have a direct step for flushing the entire system with an inert gas for a specific duration.,Introduce a new step in the XDL language to flush the system with an inert gas for a specified duration.
457,Remove all volatiles under vacuum (0 mbar) and attach the system to a turbo pump. Sublimate the mixture at 85°C under a pressure of 0.0013 Pa (10^-6 mm Hg) to yield an off-white solid.,This part aims to remove all volatiles under vacuum and then perform sublimation under very low pressure using a turbo pump.,The XDL language does not support the use of a turbo pump or the specific pressure of 0.0013 Pa (10^-6 mm Hg) for sublimation.,Extend the XDL language to include support for turbo pumps and the ability to specify very low pressures for sublimation.
458,Monitor the reaction progress using TLC.,This step is meant to check the progress of the reaction using Thin Layer Chromatography (TLC).,The XDL language does not currently support steps for monitoring reaction progress using TLC or any other analytical techniques.,Introduce a new step in the XDL language for monitoring reaction progress using TLC or other analytical techniques.
459,Allow the mixture to cool to 25°C over 12 hours (overnight) with active cooling at 10 degrees per 2 minutes.,This step aims to gradually cool the mixture to 25°C over a period of 12 hours with a specific cooling rate.,The XDL language does not support specifying a cooling rate or a gradual temperature change over a long period.,"Introduce a new step in the XDL language that allows for gradual temperature changes over a specified period, including the ability to set a cooling rate."
460,Allow the suspension to warm to 25°C over 12 hours (overnight) with active cooling at 10 degrees per 2 minutes.,This step aims to gradually warm the suspension to 25°C over a period of 12 hours with a specific warming rate.,The XDL language does not support specifying a warming rate or a gradual temperature change over a long period.,"Introduce a new step in the XDL language that allows for gradual temperature changes over a specified period, including the ability to set a warming rate."
461,Monitor the reaction progress by thin layer chromatography (TLC) after all starting material has been added.,This step is meant to check the progress of the reaction using TLC.,The XDL language does not support steps for monitoring reaction progress using TLC or any other analytical techniques.,Introduce a new step in the XDL language for monitoring reaction progress using TLC or other analytical techniques.
462,Lower the solution into a slush bath maintained at -5°C to 0°C,This part means to cool the reaction mixture using a slush bath to maintain a temperature range of -5°C to 0°C.,The XDL language does not support the concept of a slush bath or maintaining a temperature range. It only supports setting a specific temperature.,Introduce a new step or attribute in the XDL language to handle temperature ranges or specific cooling methods like slush baths.
463,The step involving vacuum filtration on a Buchner funnel at 0 mbar.,This step is meant to isolate a solid by vacuum filtration.,The XDL language does not support specifying the pressure for filtration steps.,Add support for specifying pressure in the Filter step to allow for vacuum filtration.
464,The step involving recrystallization from propan-2-ol.,"This step is meant to dissolve the solid in propan-2-ol by heating, then cooling to room temperature, and finally evaporating the solvent.","The XDL language does not support a single step for recrystallization that involves heating, cooling, and evaporating in sequence.","Add a new step for recrystallization that combines heating, cooling, and evaporating in sequence."
465,"The use of a mechanical stirrer, heating mantle, dropping funnel, nitrogen inlet, Friedrich water condenser, and calcium chloride drying tube.",These pieces of equipment are used to control the reaction environment and ensure proper mixing and temperature control.,The XDL language does not currently support the explicit declaration or use of these specific pieces of equipment.,"Extend the XDL language to include support for additional hardware components such as mechanical stirrers, heating mantles, dropping funnels, nitrogen inlets, Friedrich water condensers, and calcium chloride drying tubes."
466,The manual stirring of the mixture in the beaker with a mechanical stirrer.,This step is intended to ensure that the mixture is well-mixed and that all excess magnesium chips and salts are dissolved.,The XDL language does not support manual stirring or the use of a mechanical stirrer in a beaker.,Extend the XDL language to include support for manual stirring or the use of a mechanical stirrer in a beaker.
467,"The flask was flushed with nitrogen for 15 minutes on an ice bath, and nitrogen flow was maintained throughout the procedure.",This part means to achieve an inert atmosphere by flushing the flask with nitrogen and maintaining the nitrogen flow throughout the procedure.,The XDL language does not support maintaining a continuous nitrogen flow throughout the entire procedure.,Add a feature to the XDL language that allows for continuous purging or maintaining an inert atmosphere throughout the procedure.
468,"A suspension of KH (3.29 g, 0.082 mol) in mineral oil was washed multiple times with pentane and allowed to dry.",This step involves washing a solid (KH) suspended in a solvent (mineral oil) with another solvent (pentane) and then drying it.,The XDL language does not support washing a solid suspended in a solvent with another solvent and then drying it. The current XDL language only supports washing solids in a filter component and drying them.,Extend the XDL language to support washing a solid suspended in a solvent with another solvent and then drying it. This could involve adding a new step or modifying the existing WashSolid step to handle suspensions.
469,"A flame-dried 1000 mL 3-necked, round-bottomed flask equipped with a stir bar, nitrogen inlet adapter, and two septa, was placed in the glove box.",This step involves preparing specific hardware (a 3-necked round-bottomed flask with specific equipment) and placing it in a glove box.,The XDL language does not support specifying detailed hardware configurations or operations involving a glove box.,Extend the XDL language to support more detailed hardware configurations and operations involving a glove box.
470,The now dry KH was placed in the flask and sealed with the septa and inlet adapter and removed from the glove box.,This step involves transferring a dry solid (KH) to a specific flask and sealing it with specific equipment.,The XDL language does not support transferring solids to specific hardware configurations or sealing operations.,Extend the XDL language to support transferring solids to specific hardware configurations and sealing operations.
471,"The flask was fitted with a condenser and the mixture was heated to reflux (boiling point of triethyl orthoformate, 146°C) while stirring at 300 rpm for 48 hours, open to the air.",This part means to achieve heating the mixture to reflux while stirring and keeping the system open to the air.,The XDL language does not have a specific step to fit a condenser or to specify that the system is open to the air.,Add a step in the XDL language to fit a condenser and specify that the system is open to the air.
472,TLC is used to confirm the conversion of benzophenone to benzhydrol.,This step is meant to confirm the completion of the reaction using Thin Layer Chromatography (TLC).,The XDL language does not support analytical techniques like TLC.,Add support for analytical techniques like TLC in the XDL language to confirm reaction completion.
473,Pour the reaction mixture onto basic alumina,This step is meant to transfer the reaction mixture onto a solid phase (basic alumina) for further processing.,The XDL language does not support a direct method to 'pour' a mixture onto a solid phase like basic alumina.,Introduce a new step in the XDL language to handle the transfer of a mixture onto a solid phase for further processing.
474,Freshly distilled 1-ethylimidazole and dimethyl sulfate,"The procedure requires freshly distilled reagents, which implies a specific preparation step that is not covered by the XDL language.",The XDL language does not have steps to handle the distillation process or to specify that a reagent is freshly distilled.,"Add steps to the XDL language to handle distillation processes and to specify the state of reagents (e.g., freshly distilled)."
475,Dropwise addition over seven hours at a rate of approximately 0.24 mL/min,The procedure requires a very specific rate of addition over a long period.,The XDL language does not support specifying the rate of addition in mL/min over a long period.,Add attributes to the Add step to specify the rate of addition in mL/min and the total time for the addition.
476,A rubber tube was connected from the top of the water condenser to a 1 L beaker containing 500 mL commercial Chlorox (sodium hypochlorite).,This step is meant to safely vent gases produced during the reaction into a solution of sodium hypochlorite.,The XDL language does not support the concept of connecting a rubber tube to vent gases into another container.,Introduce a new step or attribute in the XDL language to handle gas venting or gas scrubbing setups.
477,"The flask was fitted with a condenser, and a hosing adapter with a Teflon stopcock was attached to the top of the condenser.",This part describes setting up the apparatus with a condenser and a hosing adapter with a Teflon stopcock.,The XDL language does not have steps to describe the setup of specific apparatus components like condensers and hosing adapters.,Extend the XDL language to include steps for setting up specific apparatus components like condensers and hosing adapters.
478,"The apparatus was attached to a double manifold Schlenk line, cycled with vacuum/argon three times, and left open to argon.",This part describes attaching the apparatus to a Schlenk line and cycling with vacuum/argon.,The XDL language does not have steps to describe attaching the apparatus to a Schlenk line and cycling with vacuum/argon.,Extend the XDL language to include steps for attaching the apparatus to a Schlenk line and cycling with vacuum/argon.
479,An oil bubbler was attached to a second tap of the double manifold and opened to argon.,This part describes attaching an oil bubbler to the apparatus and opening it to argon.,The XDL language does not have steps to describe attaching an oil bubbler and opening it to argon.,Extend the XDL language to include steps for attaching an oil bubbler and opening it to argon.
480,Acidify the solution to pH 5.0 by adding trifluoroacetic acid (CF3CO2H) dropwise while monitoring the pH.,This step aims to adjust the pH of the solution to 5.0 by adding trifluoroacetic acid dropwise while monitoring the pH.,The XDL language does not support real-time monitoring and adjusting of pH.,Add support for real-time monitoring and adjusting of pH in the XDL language.
481,Acidify the reaction mixture by adding concentrated aqueous hydrochloric acid (HCl) dropwise until the solution is acidic.,This step aims to adjust the pH of the reaction mixture to an acidic level by adding hydrochloric acid dropwise while monitoring the pH.,The XDL language does not support real-time monitoring and adjusting of pH.,Add support for real-time monitoring and adjusting of pH in the XDL language.
482,apply vacuum (0 mbar) to the mixture to remove residual HCl,This step is intended to remove residual HCl by applying a vacuum to the mixture.,The XDL language does not have a specific step to apply vacuum directly to a reactor for the purpose of removing residual gases or solvents.,Introduce a new step in the XDL language to apply vacuum directly to a reactor for the purpose of removing residual gases or solvents.
483,"Add propargyl bromide (3 mL, 26.9 mmol) dropwise to the reaction mixture over 10 minutes while stirring at 300 rpm.",This step aims to add propargyl bromide dropwise over a specific time period while stirring.,The current XDL language does not support specifying the time over which a reagent is added in the Add step.,"Extend the Add step to include an attribute for specifying the time over which the reagent is added, e.g., add_time."
484,The step involving drying with magnesium sulfate (MgSO4) for 30 minutes.,This step is meant to remove any remaining water from the reaction mixture by using MgSO4 as a drying agent.,"The XDL language does not support a direct step for drying with a solid drying agent like MgSO4 for a specified time. The FilterThrough step is used, but it does not allow for a residence time of 30 minutes.","Introduce a new step in the XDL language specifically for drying with a solid drying agent for a specified time, or modify the FilterThrough step to include a residence time attribute."
485,The distillation steps at 135 °C and 170 °C under nitrogen and 0.8 mmHg respectively.,These steps are meant to remove volatile compounds and distill (c-Hex)3B.,The XDL language does not have a specific step for distillation under nitrogen or at specific pressures other than evaporation.,"Introduce a 'Distill' step in the XDL language that allows for distillation under specific conditions such as temperature, pressure, and inert gas atmosphere."
486,The step where the mixture is heated to 70 °C to melt (c-Hex)3B and then cooled to 35 °C.,This step is meant to melt the (c-Hex)3B and then cool it down before further processing.,The XDL language does not support a step that involves heating to melt a solid and then cooling it down.,Introduce a 'Melt' step in the XDL language that allows for heating a solid to its melting point and then cooling it down.
487,Wash the reaction flask and filtered solid with 20 mL of methanol.,This step aims to wash both the reaction flask and the filtered solid with methanol.,The XDL language does not support washing multiple vessels in a single step. Each vessel must be washed separately.,Extend the XDL language to support washing multiple vessels in a single step or provide a way to specify multiple vessels in the WashSolid step.
488,Wash the filtered solid and the solid remaining in the reaction flask with 20 mL of methylene chloride into an oven-dried and pre-weighed round bottom flask.,This step aims to wash both the filtered solid and the solid remaining in the reaction flask with methylene chloride and transfer the washings into a pre-weighed round bottom flask.,The XDL language does not support washing multiple vessels in a single step and transferring the washings into a specific flask.,Extend the XDL language to support washing multiple vessels in a single step and specify the target vessel for the washings.
489,Bubble nitrogen through the mixture for 5 minutes at 300 rpm.,This step aims to purge the reaction mixture with nitrogen gas while stirring.,The XDL language does not support simultaneous purging and stirring in a single step.,Add support for simultaneous purging and stirring in the XDL language.
490,Pass CO2 gas through the solution by attaching a conical flask of solid CO2 to a bubbler via the solution.,Introduce CO2 gas into the reaction mixture to cause a chemical reaction.,The XDL language does not support the direct introduction of gas from a solid source (like solid CO2) into a solution.,"Extend the XDL language to include a step for introducing gas from a solid source into a solution, or provide a workaround using existing steps."
491,"Distill the product under reduced pressure (>100 mbar, temp. 30°C) to obtain the product as a colorless liquid.",Perform a distillation to purify the product.,The XDL language does not have a step for distillation.,"Extend the XDL language to include a distillation step, or provide a workaround using existing steps."
492,Ethylene oxide was added to a test-tube equipped with a gas inlet and gas outlet and cooled to 0°C in an ice bath.,This step involves using a test-tube with specific equipment (gas inlet and outlet) and cooling it in an ice bath.,"The XDL language does not support specifying equipment like gas inlets and outlets for a test-tube, nor does it support cooling in an ice bath.","Extend the XDL language to support specifying additional equipment for vessels and methods for cooling, such as ice baths."
493,"The solution was cooled in an ice-water bath at a rate of 10 degrees per 2 minutes as carbon disulfide (CS2, 48 mL, 0.80 mol) was added via cannula.",This part describes a controlled cooling process while adding a reagent.,The XDL language does not support specifying the rate of temperature change or the method of addition (via cannula).,Extend the XDL language to include attributes for controlled temperature change rates and specific addition methods.
494,"Freshly distilled 1-ethylimidazole (79.6 g, 828 mmol) was added to a three-necked round-bottomed flask fitted with a dropping funnel, thermometer, and nitrogen line.","This step describes the setup of the reaction apparatus, including the use of a three-necked round-bottomed flask, dropping funnel, thermometer, and nitrogen line.",The XDL language does not support the specification of complex apparatus setups such as a three-necked round-bottomed flask with additional fittings like a dropping funnel and thermometer.,"Extend the XDL language to allow for the specification of complex apparatus setups, including multiple fittings and connections."
495,"Freshly distilled dimethyl sulfate (100.7 g, 798 mmol) was added dropwise over seven hours at a rate of approximately 0.24 mL/min, under a nitrogen atmosphere, ensuring the temperature of the reaction mixture did not exceed 30 °C.","This step describes the controlled addition of dimethyl sulfate over a specific time period and rate, while maintaining a specific temperature and nitrogen atmosphere.","The XDL language does not support specifying the rate of addition (e.g., 0.24 mL/min) and the duration of the addition (e.g., seven hours).",Extend the XDL language to allow for the specification of addition rates and durations for reagents.
496,Monitor the reaction progress using TLC.,This step is meant to monitor the progress of the reaction using Thin Layer Chromatography (TLC).,The XDL language does not currently support steps for monitoring reaction progress using TLC or any other analytical techniques.,"To improve the XDL language, a new step for monitoring reaction progress using TLC or other analytical techniques should be added."
497,Acidify the mixture with glacial acetic acid until the pH is neutral or slightly acidic (pH ~5-6).,This step aims to adjust the pH of the mixture to a specific range using glacial acetic acid.,The XDL language does not currently support pH adjustments or pH monitoring.,"Introduce a new step in the XDL language to adjust pH and monitor it, such as <AdjustPH> with attributes for target pH and reagent."
498,Recrystallize it from a 1:1 mixture of ether and hexane to obtain O-i-propyl benzohydroxamate as white crystals.,This step aims to purify the product by recrystallization using a solvent mixture.,The XDL language does not currently support recrystallization steps.,"Introduce a new step in the XDL language for recrystallization, such as <Recrystallize> with attributes for solvent mixture, temperature, and time."
499,Break up any solid block of unreacted nitroaniline using a long spatula to allow it to react.,This step is meant to ensure that any solid block of unreacted nitroaniline is broken up to allow it to react.,The XDL language does not support manual intervention steps such as breaking up solid blocks with a spatula.,Introduce a new step in the XDL language to handle manual interventions or provide a mechanism to ensure complete dissolution of solids without manual intervention.
500,"Gaseous propyne (670 mL, 30 mmol, 1.5 eq) was added at -7°C while stirring at 300 rpm.",This step involves adding a gaseous reagent to the reaction mixture.,The XDL language does not currently support the addition of gaseous reagents.,"Extend the XDL language to include a step for adding gaseous reagents, similar to the Add step for liquids and solids."
501,A Schlenk condenser fitted to the round bottom flask.,This step is meant to fit a Schlenk condenser to the round bottom flask to allow for reflux under an inert atmosphere.,The current XDL language does not have a step to fit a condenser or any other apparatus to a vessel.,"Introduce a new step in the XDL language to fit a condenser or other apparatus to a vessel, e.g., <FitCondenser vessel='reactor' type='Schlenk' />."
502,The synthesis was performed using standard Schlenk techniques under a nitrogen atmosphere.,This part means to achieve an inert atmosphere using nitrogen gas.,The XDL language does not currently support the explicit declaration of Schlenk techniques or maintaining an inert atmosphere throughout the entire procedure.,"Add support for maintaining an inert atmosphere throughout the entire procedure, possibly by adding a global attribute or step to declare the use of an inert atmosphere."
503,The reaction mixture was quenched and washed with saturated ammonium chloride (3 x 1 mL) and extracted with diethyl ether (3 x 1 mL).,This part means to quench the reaction and perform washing and extraction steps.,The XDL language does not have a specific step for quenching a reaction.,Add a 'Quench' step to the XDL language to handle quenching reactions.
504,"The crude product was dissolved in dichloromethane and purified using a preparatory plate (90:10, hexanes:toluene).",This part means to dissolve the crude product in dichloromethane and purify it using preparatory thin-layer chromatography (TLC).,The XDL language does not support preparatory TLC.,Add support for preparatory TLC in the XDL language.
505,The mixture was heated in a sealed vial under microwave conditions at 120 °C for 0.5 hours with cooling air on.,This step involves heating the mixture under microwave conditions with cooling air on.,The XDL language does not support microwave heating or the use of cooling air during heating.,Extend the XDL language to include microwave heating and cooling air options for heating steps.
506,Equip the flask with a Dean-Stark trap and reflux condenser.,This part means to set up the reaction apparatus with a Dean-Stark trap and reflux condenser to remove water during the reaction.,The current XDL language does not support the explicit setup of specific apparatus like a Dean-Stark trap or reflux condenser.,Extend the XDL language to include steps for setting up specific apparatus like Dean-Stark traps and reflux condensers.
507,Distill the residue at 61°C under 12 mmHg to obtain 3-bromocyclohexene as a colorless oil.,This step aims to distill the residue to isolate the product.,The XDL language does not have a 'Distill' step defined in the provided documentation.,Add a 'Distill' step to the XDL language to allow for distillation processes.
508,In a three-necked round bottomed flask fitted with an argon inlet and an addition funnel,"This part describes the specific setup of the reaction vessel, including the use of a three-necked round bottomed flask, an argon inlet, and an addition funnel.",The XDL language does not support specifying the exact type of flask (three-necked round bottomed flask) or the specific setup (argon inlet and addition funnel).,"Extend the XDL language to allow for more detailed hardware specifications, including the type of flask and additional fittings like argon inlets and addition funnels."
509,Under an argon atmosphere,This part describes maintaining an inert atmosphere (argon) during the addition of reagents.,The XDL language does not currently support maintaining an inert atmosphere continuously during a sequence of steps.,Add support for maintaining an inert atmosphere continuously during a sequence of steps in the XDL language.
510,TLC was used to monitor the reaction. An aliquot was removed from the crude reaction mixture and diluted for TLC.,This part means to monitor the progress of the reaction using Thin Layer Chromatography (TLC) by taking a small sample from the reaction mixture.,The XDL language does not support steps for monitoring reactions using TLC or taking aliquots for analysis.,"To improve the XDL language, steps for taking aliquots and performing TLC or other analytical techniques should be added."
511,This reaction was carried out under nitrogen.,"The procedure should be performed under an inert atmosphere, specifically nitrogen.",The XDL language does not currently support a step to maintain an inert atmosphere throughout the entire procedure.,Add a feature to the XDL language to maintain an inert atmosphere throughout the entire procedure or for specific steps. This could be done by adding a global attribute or a specific step to start and stop the inert atmosphere.
512,Decompose the mixture by pouring it over a slurry of 100 g of ammonium chloride in approximately 500 g of ice with manual stirring in a two-liter beaker.,This step involves manually pouring the reaction mixture over a slurry of ammonium chloride and ice with manual stirring.,The XDL language does not support manual operations such as pouring and manual stirring.,Introduce a new step in the XDL language to handle manual operations or provide a way to simulate this step using existing XDL steps.
513,"Continue stirring the reaction mixture at 300 rpm for 7-8 hours at 25°C until completion, monitored by TLC.",This part means to continue stirring the reaction mixture for a specific duration while monitoring the reaction progress using TLC.,The XDL language does not support monitoring the reaction progress using TLC.,Add a feature to the XDL language to allow for monitoring reaction progress using TLC or other analytical techniques.
514,Carefully quench the reaction with sodium bicarbonate solution until neutral pH is achieved.,This part means to add sodium bicarbonate solution to the reaction mixture until the pH is neutral.,The XDL language does not support pH monitoring and adjustment.,Add a feature to the XDL language to allow for pH monitoring and adjustment.
515,The step where the mixture is saturated with gaseous ammonia until pH 8 is reached.,This step aims to neutralize the mixture by adding gaseous ammonia until the pH reaches 8.,"The XDL language does not support pH control or monitoring, nor does it support the addition of gaseous reagents in a controlled manner to achieve a specific pH.","To improve the XDL language, add support for pH control and monitoring, and the ability to add gaseous reagents in a controlled manner to achieve a specific pH."
516,Remove the solvents by distillation under 0 mbar pressure.,This step aims to remove solvents by distillation under vacuum.,"The XDL language does not support a distillation step. The closest available step is Evaporate, which is used for solvent removal but does not explicitly mention distillation.",Add a distillation step to the XDL language to handle solvent removal by distillation.
517,Recrystallize from methanol.,This step aims to purify the solid product by recrystallization using methanol.,"The XDL language does not have a specific step for recrystallization. The closest available steps are Add, Stir, and HeatChill, but they do not fully capture the recrystallization process.",Add a recrystallization step to the XDL language to handle the recrystallization process.
518,"Equip the flask with a stir bar, a Soxhlet extractor with a cellulose membrane insert containing 25 g of MgSO4, and a reflux condenser.",This part means to set up the reaction apparatus with specific equipment.,The XDL language does not support specifying the setup of specific equipment like a Soxhlet extractor or a reflux condenser.,Extend the XDL language to include steps for setting up specific equipment like Soxhlet extractors and reflux condensers.
519,"Recrystallize the residue by adding DCM to dissolve it, then add pentane and allow the mixture to cool to room temperature.","This part aims to dissolve the residue in DCM, add pentane to induce recrystallization, and then allow the mixture to cool to room temperature.","The XDL language does not have a specific step for recrystallization. The steps to dissolve, add another solvent, and allow the mixture to cool are not fully captured in the current XDL language.","Introduce a new step for recrystallization that includes dissolving a solid, adding a second solvent, and allowing the mixture to cool to a specified temperature."
520,The residue was then distilled under vacuum at 180-190°C and 4x10-3 mbar.,This part means to distill the residue under specific vacuum conditions.,"The XDL language does not have a specific step for distillation under vacuum. The closest step is Evaporate, but it does not cover the specific conditions of distillation.",Add a new step in the XDL language for distillation under vacuum with attributes for temperature and pressure.
521,The residue was distilled under high vacuum (0 mbar).,This step aims to purify the final product by distillation under high vacuum.,The XDL language does not currently support a distillation step.,Add a distillation step to the XDL language to allow for purification of products by distillation under vacuum.
522,"If necessary, ether or ethanol was added to aid filtration.",This step means to add ether or ethanol to the mixture to aid in the filtration process if the filtration is not proceeding smoothly.,The XDL language does not support conditional steps based on the progress of a procedure. It cannot dynamically decide to add ether or ethanol based on the filtration process.,Introduce conditional steps in the XDL language to handle cases where additional reagents might be needed based on the progress of a procedure.
523,The Zn-Cu couple was collected on a sintered funnel and washed with water (100 ml) and acetone (100 ml) and dried under vacuum for at least 1 hour. The couple was stored in a desiccator over silica gel.,"This part describes the collection of the Zn-Cu couple on a sintered funnel, washing it, drying it under vacuum, and storing it in a desiccator over silica gel.","The XDL language does not support the concept of storing a reagent in a desiccator over silica gel. Additionally, the storage step is not executable in the current XDL language.","To improve the XDL language, a new step for storing reagents in specific conditions (e.g., desiccator over silica gel) should be added. This would allow for more accurate representation of storage conditions in synthetic procedures."
524,"During this process, significant HCl evolution will be observed.",This part indicates that HCl gas will be evolved during the heating process.,The current XDL language does not support the handling or monitoring of gas evolution during a reaction.,Introduce a new step or attribute in the XDL language to handle gas evolution and its monitoring.
525,"Recrystallize the solid in ethyl ether by adding ethyl ether to the vessel containing the solid, heating to the boiling point of ethyl ether while stirring at 300 rpm, then cooling to room temperature and evaporating the solvent to yield glassy crystals.","This part aims to recrystallize the solid product by dissolving it in ethyl ether, heating to the boiling point, cooling, and then evaporating the solvent.","The XDL language does not support a direct recrystallization step. The process of heating to the boiling point of ethyl ether, cooling, and then evaporating the solvent is not fully executable with the current XDL steps.","Introduce a new step for recrystallization that includes dissolving, heating, cooling, and evaporating in a single step."
526,The step involving the use of a needle in the septum to allow evolved hydrogen gas (H2) to escape.,This part is meant to safely vent the evolved hydrogen gas during the addition of the acetic acid and water mixture to the iron powder.,The current XDL language does not support the explicit handling of gas evolution and venting through a needle in the septum.,Introduce a new step or attribute in the XDL language to handle gas evolution and venting during reagent addition.
527,The step involving the use of a liquid nitrogen-cooled pre-trap during evaporation.,This part is meant to condense and trap volatile components during the evaporation process.,The current XDL language does not support the explicit use of a liquid nitrogen-cooled pre-trap during evaporation.,Introduce a new attribute or step in the XDL language to specify the use of a pre-trap during evaporation.
528,The step involving the scraping and grinding of the solid in a glove box.,This part is meant to collect and grind the solid product under an inert atmosphere in a glove box.,The current XDL language does not support manual operations such as scraping and grinding of solids.,Introduce a new step or attribute in the XDL language to handle manual operations like scraping and grinding under an inert atmosphere.
529,The reagents were ground together for 1.5 minutes until they became a fine powder.,This step involves manually grinding the reagents to form a fine powder.,The XDL language does not have a step to represent manual grinding of reagents.,"Introduce a new step in the XDL language to represent manual grinding of reagents, such as <Grind>."
530,The powder was then transferred into a plastic reagent bottle with grinding media.,This step involves transferring a solid powder into a plastic reagent bottle.,The XDL language does not support transferring solids between vessels.,"Introduce a new step in the XDL language to represent transferring solids between vessels, such as <TransferSolid>."
531,The bottle was placed inside a rock tumbler container and tumbled for 12 hours.,This step involves placing a bottle inside a rock tumbler and tumbling it.,The XDL language does not support placing one vessel inside another and performing operations like tumbling.,"Introduce a new step in the XDL language to represent placing a vessel inside another and performing operations, such as <Tumble>."
532,"Firstly, a 25 mL round-bottom flask was flame-dried and fitted with a reflux condenser.",This step is meant to prepare the reaction vessel by flame-drying it and fitting it with a reflux condenser.,The XDL language does not support steps for flame-drying or fitting a reflux condenser.,Add steps to the XDL language to support vessel preparation methods such as flame-drying and fitting with specific apparatus.
533,"The reaction progress was monitored by thin layer chromatography (100% ethyl acetate, Rf = 0.46).",This step is meant to monitor the progress of the reaction using thin layer chromatography (TLC).,The XDL language does not support steps for monitoring reaction progress using TLC.,Add steps to the XDL language to support reaction monitoring techniques such as TLC.
534,"Heat the reaction vessel to 66°C until initiation occurs. Once initiated, add a solution of 2-bromotoluene (20 g, 117 mmol) in THF (100 mL) dropwise.","This part means to heat the reaction mixture until a specific initiation event occurs, and then add another reagent dropwise.",The XDL language does not support conditional steps based on the occurrence of an event (initiation). It also does not support adding a reagent dropwise over a period of time while monitoring for an event.,"To improve the XDL language, add support for conditional steps based on events and the ability to monitor for specific events during the procedure."
535,The final step of the natural language procedure mentions purification by vacuum distillation.,This step aims to purify the resulting yellow oil by vacuum distillation.,The XDL language does not have a step for vacuum distillation.,Add a new step for vacuum distillation in the XDL language to handle such purification processes.
536,Dry the resulting thick brown oil in a vacuum oven at 0 mbar and 25°C for 12 hours.,This step aims to dry the final product under vacuum at a specific temperature for an extended period.,"The XDL language does not support the concept of a vacuum oven. The closest available component is a rotavap, but it is not designed for long-term drying at a specific temperature.",Introduce a new component type 'vacuum_oven' in the XDL language to handle long-term drying at specific temperatures under vacuum.
537,"The product, conjugated enyne 12, is then isolated using standard purification techniques.","This part means to isolate the product using standard purification techniques, which could involve various methods such as filtration, extraction, or chromatography.",The XDL language does not have a specific step for 'standard purification techniques' as it is a broad term that can encompass multiple methods. The exact method needs to be specified.,"To improve the XDL language, it would be beneficial to include a more general 'Purify' step that can be customized with different purification techniques. Alternatively, the specific purification steps should be detailed in the natural language description."
538,The Schlenk tube was then evacuated to 0 mbar and backfilled with nitrogen three times.,This step is meant to create an inert atmosphere by evacuating the vessel and refilling it with nitrogen.,The XDL language does not support specifying the pressure to which the vessel is evacuated.,Add an attribute to the EvacuateAndRefill step to specify the pressure to which the vessel is evacuated.
539,"The organic layer was removed by decantation, and the remaining aqueous portion was extracted with ethyl acetate (3 × 10 ml).",This step is meant to separate the organic layer from the aqueous layer by decantation.,The XDL language does not support decantation as a separation method.,Add a Decant step to the XDL language to support decantation as a separation method.
540,Phenol derivatives underwent ruthenium-catalyzed C–H bond functionalization to yield m-alkylphenols.,This part describes the core reaction where phenol derivatives are functionalized using a ruthenium catalyst to yield m-alkylphenols.,The XDL language does not have a specific step to describe the C–H bond functionalization reaction. The reaction itself is implied but not explicitly defined in the XDL language.,"Introduce a new step in the XDL language to explicitly define chemical reactions, such as <React> or <Functionalize> to describe the core chemical transformations."
541,"De-gas the mixture and refill with inert gas by performing one freeze-pump-thaw cycle: freeze the mixture in liquid nitrogen, pump to 0 mbar, thaw to room temperature, and repeat once.","This step aims to remove dissolved gases from the reaction mixture by freezing, applying vacuum, and then thawing.","The XDL language does not support the freeze-pump-thaw cycle, which involves freezing the mixture in liquid nitrogen, applying vacuum, and then thawing.","To improve the XDL language, add support for freeze-pump-thaw cycles, including steps for freezing, applying vacuum, and thawing. Alternatively, provide a more general 'De-gas' step that can handle such cycles."
542,The whole mixture was de-gassed and re-filled with inert gas by one freeze-pump-thaw cycle.,This step is intended to remove dissolved gases from the reaction mixture and replace them with an inert gas.,"The XDL language does not support a freeze-pump-thaw cycle, which involves freezing the mixture, applying a vacuum, and then refilling with inert gas.","Introduce a new step in the XDL language to handle freeze-pump-thaw cycles, or provide an alternative method to achieve the same result."
543,The whole mixture was de-gassed and re-filled with inert gas by two consecutive freeze-pump-thaw cycles.,"This step aims to remove dissolved gases from the reaction mixture by freezing, applying vacuum, and then refilling with inert gas.","The XDL language does not support freeze-pump-thaw cycles. It only supports EvacuateAndRefill, which does not involve freezing.",Add support for freeze-pump-thaw cycles in the XDL language to accurately replicate this degassing method.
544,"The reaction was stirred at 300 rpm under direct sunlight (at Kolkata, 22.570 N, 88.360 E from 1100 hrs in July) for 6 hours.",This step aims to expose the reaction mixture to direct sunlight for a specific duration.,The XDL language does not support specifying sunlight exposure or geographical coordinates for a reaction.,Add support for specifying light sources and geographical coordinates in the XDL language to accurately replicate this step.
545,The whole mixture was de-gassed and re-filled with inert gas by one consecutive freeze-pump-thaw cycle.,This step is intended to remove dissolved gases from the reaction mixture and replace them with an inert gas.,"The XDL language does not support a freeze-pump-thaw cycle, which involves freezing the mixture, applying a vacuum, and then refilling with inert gas.","Add support for freeze-pump-thaw cycles in the XDL language, or provide an alternative method for degassing and refilling with inert gas."
546,"The reaction was stirred under direct sunlight (at Kolkata, 22.570 N, 88.360 E from 1100 hrs in July) for 6 hours at 300 rpm.",This part means to achieve stirring the reaction mixture under direct sunlight for 6 hours.,The XDL language does not have a way to specify environmental conditions such as exposure to sunlight.,Add a feature to the XDL language to specify environmental conditions like sunlight exposure.
547,Expose the reaction mixture to visible light (400-700 nm wavelength) for a specified duration until the reaction is complete.,This step aims to irradiate the reaction mixture with visible light to drive the reaction to completion.,The current XDL language does not have a step to expose a reaction mixture to light or any other form of irradiation.,"Introduce a new step in the XDL language to handle irradiation, such as <Irradiate> with attributes for wavelength, duration, and intensity."
548,"Monitor the reaction progress using appropriate analytical techniques (e.g., TLC, NMR).",This step aims to check the progress of the reaction using analytical techniques.,The current XDL language does not support steps for monitoring reaction progress using analytical techniques.,"Introduce a new step in the XDL language to handle analytical monitoring, such as <Monitor> with attributes for technique and frequency."
549,Expose the reaction mixture to a photoredox catalyst under light for 12 hours while maintaining stirring at 300 rpm.,This step involves exposing the reaction mixture to light in the presence of a photoredox catalyst.,The XDL language does not have a specific step to handle light exposure for photoredox reactions.,"Introduce a new step in the XDL language to handle light exposure for photoredox reactions, such as <LightExposure> with attributes for duration, light intensity, and wavelength."
550,irradiate with a 5W blue-light-emitting diode (LED) with a maximum wavelength of 455 nm for 16 hours,This step involves irradiating the reaction mixture with a specific light source for a prolonged period.,The current XDL language does not have a step to handle irradiation with a light source.,"Introduce a new step in the XDL language to handle light irradiation, specifying the light source, wavelength, and duration."
551,The addition of sulfuric acid dropwise at 25°C,This part means to add sulfuric acid slowly to control the reaction rate and temperature.,The XDL language does not support the addition of a reagent at a specific temperature while maintaining the temperature of the reaction mixture.,Add a feature to the XDL language that allows for the addition of a reagent at a specific temperature while maintaining the temperature of the reaction mixture.
552,Scrape the sides of the flask with a spatula to ensure all the oxyl precipitates out and can release the product into solution.,This step is meant to ensure that all the oxyl precipitates out and releases the product into the solution.,The XDL language does not have a step to manually scrape the sides of a vessel with a spatula.,Introduce a new step in the XDL language to handle manual interventions like scraping the sides of a vessel.
553,Place an appropriately sized piece of filter paper on top of the dry silica gel layer and pre-wet with 10 mL of hexanes.,This step is meant to prepare the silica gel layer by placing filter paper on top and pre-wetting it with hexanes.,The XDL language does not have a step to place filter paper or pre-wet it with a solvent.,Introduce a new step in the XDL language to handle the placement of filter paper and pre-wetting it with a solvent.
554,Place another piece of appropriately sized filter paper atop this layer.,This step is meant to place another piece of filter paper on top of the packed material.,The XDL language does not have a step to place filter paper.,Introduce a new step in the XDL language to handle the placement of filter paper.
555,Distill the residue at 61 °C under 12 mmHg to obtain 3-bromocyclohexene as a colorless oil.,This step aims to distill the residue to obtain the final product.,"The XDL language does not have a 'Distill' step. The closest available step is 'Evaporate', but it does not fully capture the distillation process.","Introduce a 'Distill' step in the XDL language to handle distillation processes. This step should allow specifying temperature, pressure, and the vessel to distill from."
556,"The product precipitated, was filtered, and recrystallized from methanol.",This part means to filter the precipitated product and then recrystallize it from methanol.,"The XDL language does not support a direct way to handle recrystallization, which involves dissolving the solid in a solvent, heating, cooling, and then filtering.","To improve the XDL language, a new step for recrystallization should be added that includes dissolving the solid in a solvent, heating to a specific temperature, cooling, and then filtering the recrystallized product."
557,The solution was then irradiated for 6 hours under continuous nitrogen flow using a 125W medium pressure Hg lamp.,This step involves irradiating the solution with a UV lamp while maintaining a nitrogen atmosphere.,The XDL language does not have a step to represent irradiation with a UV lamp.,"Introduce a new step in the XDL language to handle irradiation with a UV lamp, including attributes for time, power, and gas flow."
558,"A needle connected to a CO cylinder was inserted into the septum, with the tip placed in the solution. CO was bubbled through the solution and vented via a bubbler attached to the sidearm.",This part describes the setup for bubbling CO gas through the solution.,The XDL language does not have a step to describe the insertion of a needle into a septum and the venting of gas via a bubbler.,Introduce a new step in the XDL language to handle the insertion of a needle into a septum and the venting of gas via a bubbler.
559,"After evaporation of volatiles under reduced pressure (0 mbar) at ambient temperature (25°C), a liquid nitrogen-cooled probe was inserted into the flask to facilitate removal of the last traces of solvent in vacuo.",This step aims to remove the last traces of solvent using a liquid nitrogen-cooled probe.,The XDL language does not support the use of a liquid nitrogen-cooled probe for solvent removal.,Extend the XDL language to include a step for using a liquid nitrogen-cooled probe for solvent removal.
560,A Soxhlet extractor equipped with a dry paper thimble charged with excess powdered calcium hydride and a condenser was fitted.,This part describes the setup of a Soxhlet extractor with calcium hydride to dry the toluene during the reaction.,The XDL language does not support the setup and use of a Soxhlet extractor or the fitting of a condenser.,Extend the XDL language to include steps for setting up and using a Soxhlet extractor and fitting a condenser.
561,The condenser outlet was fitted with a T-joint allowing the reaction to be performed under an atmosphere of dry dinitrogen.,This part describes the setup to maintain an inert atmosphere using dry dinitrogen.,The XDL language does not support the setup of a T-joint or the continuous maintenance of an inert atmosphere using a specific setup.,Extend the XDL language to include steps for setting up and maintaining an inert atmosphere using specific hardware configurations.
562,"Add tributyltin hydride (0.66 g, 2.3 mmol) dropwise over 20 minutes while maintaining the temperature at 100 °C.",This part means to add tributyltin hydride slowly over a period of 20 minutes while keeping the temperature constant.,The current XDL language does not support specifying the time over which a solid reagent should be added. The 'Add' step only allows for specifying the time for liquid reagents.,"Extend the 'Add' step to allow specifying the time for adding solid reagents, or introduce a new step specifically for adding solids over a period of time."
563,Heat the reaction vessel to the boiling point of THF (66 °C) while stirring at 300 rpm until initiation is observed.,This step aims to heat the reaction mixture to 66 °C and maintain stirring until a specific initiation event is observed.,"The XDL language does not support conditional steps based on observation (e.g., waiting for initiation). It can only execute predefined steps.",Introduce a conditional step in the XDL language that allows for waiting until a specific event or observation is made before proceeding.
564,"Allow the reaction mixture to cool to 25 °C, then add ammonium chloride (NH4Cl) solution slowly while stirring at 300 rpm.",This step aims to cool the reaction mixture to 25 °C before adding the ammonium chloride solution slowly.,The XDL language does not support the 'slowly' attribute for the Add step. It only supports 'dropwise' or 'all at once'.,Introduce a 'slowly' attribute in the Add step to allow for slow addition of reagents.
565,The distillation steps are not executable with the current XDL language.,The procedure involves distilling volatile compounds and the product at specific temperatures and pressures.,"The XDL language does not have a 'Distill' step. The closest available step is 'Evaporate', but it does not fully capture the distillation process, especially the separation of different fractions.","Introduce a 'Distill' step in the XDL language that allows for the distillation of compounds at specific temperatures and pressures, and the collection of different fractions in separate vessels."
566,Monitor the reaction progress using TLC.,This step is meant to check the progress of the reaction using Thin Layer Chromatography (TLC).,The XDL language does not currently support steps for monitoring reaction progress using TLC or any other analytical techniques.,"To improve the XDL language, a new step for monitoring reaction progress using TLC or other analytical techniques should be added."
567,Distill the residue under reduced pressure at 137.5°C to obtain the desired product as a yellow-green oil.,This step aims to purify the product by distillation under reduced pressure.,The XDL language does not currently support a distillation step.,Add a distillation step to the XDL language to allow for purification of products by distillation under reduced pressure.
568,"Distill the product using a Kugelrohr apparatus, collecting the fraction boiling at 152-156°C at 26 mmHg.",This step aims to purify the product by distillation using a Kugelrohr apparatus.,The XDL language does not currently support distillation steps or the use of a Kugelrohr apparatus.,Add support for distillation steps and specific apparatus like Kugelrohr in the XDL language.
569,Pass CO2 gas through the solution by attaching a conical flask of solid CO2 to a bubbler via the solution.,Introduce CO2 gas into the solution to cause a reaction.,The XDL language does not have a step to describe the introduction of gas via a bubbler or similar apparatus.,Introduce a new step in the XDL language to allow for the introduction of gas into a solution via a bubbler or similar apparatus.
570,The addition of sulfuric acid dropwise over a specific time period.,This part aims to add sulfuric acid slowly to control the reaction rate and avoid excessive heat generation.,The current XDL language does not support specifying the time over which a reagent is added dropwise.,Add an attribute to the Add step to specify the time over which a reagent is added dropwise.
571,A Soxhlet extractor equipped with a dry paper thimble charged with excess powdered CaH2 and a condenser was fitted.,This part describes the setup of a Soxhlet extractor with a drying agent (CaH2) and a condenser.,The XDL language does not currently support the setup of a Soxhlet extractor or the use of a condenser.,"Extend the XDL language to include components for Soxhlet extractors and condensers, and steps to set them up."
572,The condenser outlet was fitted with a T-joint allowing the reaction to be performed under an atmosphere of dry dinitrogen.,This part describes the setup of a T-joint to maintain a dry nitrogen atmosphere.,The XDL language does not currently support the setup of a T-joint or the specific maintenance of a dry nitrogen atmosphere through such a setup.,Extend the XDL language to include components for T-joints and steps to set up and maintain a dry nitrogen atmosphere.
573,Toluene was removed to approximately 50 mL in vacuo (0 mbar) under Schlenk conditions.,This part describes the removal of toluene under vacuum to a specific volume.,The XDL language does not support specifying the final volume after evaporation or the use of Schlenk conditions.,Extend the XDL language to allow specifying the final volume after evaporation and to include Schlenk conditions.
574,The resulting yellow precipitate was isolated by filtration and handled only under a dry atmosphere.,This part describes the isolation of a precipitate by filtration and handling it under a dry atmosphere.,The XDL language does not support handling materials under a dry atmosphere after filtration.,Extend the XDL language to include steps for handling materials under a dry atmosphere.
575,"A needle connected to a CO cylinder was inserted into the septum, ensuring the tip was submerged in the solution. CO was bubbled through the solution at a moderate rate and vented via a bubbler attached to the sidearm.",This part describes the setup for bubbling CO gas through the solution.,The XDL language does not have a step to describe the insertion of a needle into a septum and the setup for bubbling gas through a solution with a venting mechanism.,Add a step in the XDL language to describe the setup for bubbling gas through a solution with a venting mechanism.
576,Monitor the reaction progress using TLC.,This step is meant to monitor the progress of the reaction using Thin Layer Chromatography (TLC).,The XDL language does not currently support steps for monitoring reaction progress using analytical techniques like TLC.,Introduce a new step in the XDL language for monitoring reaction progress using TLC or other analytical techniques.
577,The solution was then irradiated for 6 hours under nitrogen using a 125W medium pressure Hg lamp while stirring at 300 rpm.,This step involves irradiating the solution with a specific type of lamp while maintaining an inert atmosphere and stirring.,The XDL language does not have a step to represent irradiation with a lamp.,"Introduce a new step in the XDL language to handle irradiation with specific lamps, including attributes for lamp type, power, and duration."
578,"The reaction was monitored by TLC using a 25% ethyl acetate/hexane mixture, with an Rf value of 0.6 for N-benzylisatin.",This step is meant to monitor the progress of the reaction using Thin Layer Chromatography (TLC).,The XDL language does not currently support steps for monitoring reactions using TLC or any other analytical techniques.,"To improve the XDL language, a new step for monitoring reactions using TLC or other analytical techniques should be added. This step could include attributes for the solvent system, Rf values, and other relevant parameters."
579,The volatile compounds (Et3N and cyclohexene) were removed by distillation at 135°C under nitrogen.,This step aims to remove volatile compounds by distillation under nitrogen.,"The XDL language does not support distillation as a specific step. The closest available step is Evaporate, but it does not account for the removal of specific volatile compounds under nitrogen.","Add a new step in the XDL language to support distillation under specific conditions, including the ability to specify the removal of specific volatile compounds under an inert atmosphere."
580,The (c-Hex)3B was distilled at 170°C at 0.8 mmHg into another Schlenk flask.,This step aims to distill (c-Hex)3B under reduced pressure into another flask.,"The XDL language does not support distillation as a specific step. The closest available step is Evaporate, but it does not account for distillation into another vessel.","Add a new step in the XDL language to support distillation under specific conditions, including the ability to specify the target vessel for the distillate."
581,The product was distilled at 135°C at 1 mmHg into another Schlenk flask.,This step aims to distill the product under reduced pressure into another flask.,"The XDL language does not support distillation as a specific step. The closest available step is Evaporate, but it does not account for distillation into another vessel.","Add a new step in the XDL language to support distillation under specific conditions, including the ability to specify the target vessel for the distillate."
582,Scrape the sides of the flask with a spatula to ensure all the oxyl precipitates out and can release the product into solution.,This step is meant to ensure that all the oxyl precipitates out and releases the product into the solution.,The XDL language does not have a step to manually scrape the sides of a vessel with a spatula.,Introduce a new step in the XDL language to handle manual interventions like scraping the sides of a vessel.
583,"After evaporation of volatiles under reduced pressure (0 mbar) at ambient temperature (25°C), a liquid nitrogen-cooled probe was inserted into the flask to facilitate removal of the last traces of solvent in vacuo.",This step aims to remove the last traces of solvent using a liquid nitrogen-cooled probe.,The XDL language does not support the use of a liquid nitrogen-cooled probe for solvent removal.,Introduce a new step in the XDL language to handle the use of a liquid nitrogen-cooled probe for solvent removal.
584,The initiation of the reaction upon heating to 66°C until initiation occurs.,This step is meant to initiate the reaction by heating until a visible sign of initiation is observed.,The XDL language does not support conditional steps based on visual observation or initiation events.,Introduce a conditional step or a monitoring step in the XDL language to handle initiation events based on visual or other observable criteria.
585,The filtrate was concentrated under vacuum (0 mbar) to remove the solvent.,This step aims to remove the solvent from the filtrate by applying a vacuum.,The XDL language does not support specifying the exact pressure for the Evaporate step when mode is set to 'auto'.,Improve the XDL language to allow specifying the exact pressure even when mode is set to 'auto'.
586,The recrystallization process and the subsequent steps are not correctly translated.,"Recrystallization involves dissolving the solid product in methanol, heating to the boiling point, cooling to room temperature, and allowing crystals to form.",The XDL language does not have a direct step for recrystallization. The current steps in the XDL code do not accurately represent the recrystallization process described in the natural language procedure.,"Introduce a new step in the XDL language specifically for recrystallization, which includes dissolving the solid in a solvent, heating, cooling, and allowing crystals to form."
587,Pass CO2 gas through the solution by attaching a conical flask of solid CO2 to a bubbler via the solution.,Introduce CO2 gas into the solution to cause a reaction.,The XDL language does not support the direct introduction of gas from a solid source via a bubbler.,Introduce a step to allow the introduction of gas from a solid source via a bubbler.
588,Distill the residue under vacuum at 113.5°C and 7 torr to obtain 900 g of pale yellow Isolongifolene,This step aims to distill the residue under specific conditions to obtain the final product.,"The XDL language does not have a specific step for distillation. The closest step is Evaporate, but it does not allow for the precise control needed for distillation.",Add a new step for distillation in the XDL language that allows for precise control of temperature and pressure.
589,The addition of sulfuric acid dropwise at 25°C,This part means to add sulfuric acid slowly to control the reaction rate and temperature.,The XDL language does not support specifying the temperature at which a reagent is added.,Add support for specifying the temperature during the addition of a reagent.
590,A Soxhlet extractor equipped with a dry paper thimble charged with excess powdered CaH2 and a condenser was fitted.,This step involves setting up a Soxhlet extractor with a drying agent (CaH2) and a condenser.,The XDL language does not support the explicit setup of a Soxhlet extractor or the use of a condenser.,"Extend the XDL language to include components for Soxhlet extractors and condensers, and steps to set them up."
591,The condenser outlet was fitted with a T-joint allowing the reaction to be performed under an atmosphere of dry dinitrogen.,This step involves setting up a T-joint to maintain a dry nitrogen atmosphere.,The XDL language does not support the explicit setup of a T-joint for maintaining an inert atmosphere.,Extend the XDL language to include components for T-joints and steps to set them up.
592,"A needle connected to a Carbon monoxide (CO) cylinder was inserted into the septum, with the tip placed in the solution. CO was bubbled through the solution and vented via a bubbler attached to the sidearm.",This part describes the setup for bubbling CO gas through the solution.,The XDL language does not support the explicit setup of a needle and septum for gas bubbling. It only supports the StartPurge and StopPurge steps for maintaining an inert atmosphere.,The XDL language should be extended to include steps for setting up gas bubbling through a solution with specific hardware configurations like a needle and septum.
593,Monitor the reaction progress using TLC.,This step is meant to check the progress of the reaction using Thin Layer Chromatography (TLC).,The XDL language does not currently support steps for monitoring reaction progress using TLC or any other analytical techniques.,"To improve the XDL language, a new step for monitoring reaction progress using TLC or other analytical techniques should be added. This could include attributes for the method, solvent system, and expected Rf values."
594,The solution was then irradiated for 6 hours under nitrogen using a 125W medium pressure Hg lamp while stirring.,This step involves irradiating the solution with a specific type of lamp while maintaining an inert atmosphere and stirring.,The XDL language does not have a step to represent irradiation with a lamp.,"Introduce a new step in the XDL language to handle irradiation with a lamp, specifying the type of lamp, power, and duration."
595,Distill (c-Hex)3B at 170 °C at 0.8 mmHg into another Schlenk flask.,This step aims to distill the intermediate product (c-Hex)3B at specific conditions into another vessel.,"The XDL language does not have a specific distillation step. The closest available step is Evaporate, but it does not allow for the transfer of the distilled product into another vessel.","Introduce a Distill step in the XDL language that allows for distillation at specific temperatures and pressures, and the transfer of the distilled product into another vessel."
596,The mixture was then poured onto ice (400 g) and extracted with ether (5 x 300 mL).,This part means to add the reaction mixture to ice and then perform multiple extractions with ether.,"The XDL language does not support the action of 'pouring' a mixture onto a solid (ice) directly. The ice should be added to a vessel first, and then the mixture should be transferred to that vessel.",Add a step to dissolve the ice in a vessel before transferring the reaction mixture to it.
597,Scrape the sides of the flask with a spatula to ensure all the oxyl precipitates out and can release the product into solution.,This step is meant to ensure that all the oxyl precipitates out and releases the product into the solution.,The XDL language does not have a step to manually scrape the sides of a flask with a spatula.,Introduce a step in the XDL language that allows for manual intervention or scraping of the flask to ensure complete precipitation.
598,Place an appropriately sized piece of filter paper on top of the dry silica gel layer and pre-wet with 10 mL of hexanes.,This step is meant to prepare the silica gel layer by placing filter paper on top and pre-wetting it with hexanes.,The XDL language does not have a step to place filter paper or pre-wet it with a solvent.,Introduce a step in the XDL language that allows for the placement of filter paper and pre-wetting with a solvent.
599,Place another piece of appropriately sized filter paper atop this layer.,This step is meant to place another piece of filter paper on top of the packed material.,The XDL language does not have a step to place filter paper on top of a packed material.,Introduce a step in the XDL language that allows for the placement of filter paper on top of packed material.
600,"After evaporation of volatiles under reduced pressure (0 mbar) at ambient temperature (25°C), a liquid nitrogen-cooled probe was inserted into the flask to facilitate removal of the last traces of solvent in vacuo.",This step aims to remove the last traces of solvent using a liquid nitrogen-cooled probe.,The XDL language does not support the use of a liquid nitrogen-cooled probe for solvent removal.,Introduce a new step in the XDL language to handle the use of a liquid nitrogen-cooled probe for solvent removal.
601,Heat the reaction vessel to the boiling point of THF (66°C) while stirring at 300 rpm until initiation is observed.,This step aims to heat the reaction mixture to 66°C and maintain stirring until a visual cue (initiation) is observed.,The XDL language does not support conditional steps based on visual observation or initiation of a reaction.,Introduce a conditional step in the XDL language that allows for actions based on visual or sensor-based observations.
602,Pass CO2 gas through the solution until saturation.,This step aims to saturate the solution with CO2 gas.,"The XDL language does not have a direct way to specify gas saturation. The Purge step can be used to bubble gas through a solution, but it does not ensure saturation.","Introduce a new step in the XDL language to allow for gas saturation of a solution, ensuring that the solution is fully saturated with the specified gas."
603,The addition of sulfuric acid dropwise at 25°C,This part means to add sulfuric acid slowly to control the reaction rate and temperature.,The XDL language does not support the addition of a reagent at a specific temperature while maintaining the temperature of the vessel.,Add a feature to the XDL language that allows for the addition of a reagent at a specific temperature while maintaining the temperature of the vessel.
604,A Soxhlet extractor equipped with a dry paper thimble charged with excess powdered CaH2 and condenser was fitted.,This part describes the setup of a Soxhlet extractor with a drying agent (CaH2) and a condenser.,The XDL language does not support the explicit setup of a Soxhlet extractor with a drying agent and a condenser.,Extend the XDL language to include steps for setting up complex apparatus like Soxhlet extractors with specific components and reagents.
605,The condenser outlet was fitted with a T-joint allowing the reaction to be performed under an atmosphere of dry dinitrogen.,This part describes the setup to maintain an inert atmosphere using a T-joint and dry dinitrogen.,The XDL language does not support the explicit setup of a T-joint for maintaining an inert atmosphere.,Extend the XDL language to include steps for setting up specific apparatus configurations for maintaining inert atmospheres.
606,Toluene was removed to approximately 50 mL under vacuum (0 mbar) using Schlenk conditions.,This part describes the removal of toluene under vacuum to a specific volume using Schlenk conditions.,The XDL language does not support specifying Schlenk conditions or reducing the volume of a solvent to a specific amount under vacuum.,Extend the XDL language to include steps for solvent reduction to a specific volume under vacuum and the use of Schlenk conditions.
607,"A needle connected to a CO cylinder was inserted into the septum, with the tip placed in the solution. CO was bubbled through the solution and vented via a bubbler attached to the sidearm.",This part describes the setup for bubbling CO gas through the solution.,The XDL language does not support the explicit setup of a gas bubbling system with a needle and septum.,Add a step in the XDL language to support the setup of gas bubbling through a solution using a needle and septum.
608,Monitor the reaction progress using TLC.,This step is meant to check the progress of the reaction using Thin Layer Chromatography (TLC).,The XDL language does not currently support steps for monitoring reaction progress using TLC or any other analytical techniques.,Introduce a new step in the XDL language for monitoring reaction progress using TLC or other analytical techniques.
609,The solution was then irradiated for 6 hours under nitrogen using a 125W medium pressure Hg lamp while stirring.,This step involves irradiating the solution with a specific type of lamp while maintaining an inert atmosphere and stirring.,The XDL language does not have a step to represent irradiation with a lamp. This is a crucial part of the procedure that cannot be executed with the current XDL language.,"Introduce a new step in the XDL language to handle irradiation with a lamp, specifying the type of lamp, power, and duration."
610,The step where the solution is added via cannula to another solution while maintaining the temperature below 25°C.,This step aims to transfer the solution from one vessel to another while ensuring the temperature does not exceed 25°C.,The XDL language does not support the concept of adding via cannula or maintaining a specific temperature during a transfer.,Introduce a new attribute or step in the XDL language to handle transfers while maintaining temperature constraints.
611,The step involving the addition of MCPBA in dichloromethane over a period of 10 minutes.,This part means to add MCPBA dissolved in dichloromethane slowly over a period of 10 minutes to the reaction mixture.,"The XDL language does not support the addition of a pre-dissolved reagent over a specified time directly. The current XDL code attempts to add MCPBA directly to the reactor, which is not the same as adding a pre-dissolved solution.",The XDL language should support the addition of a pre-dissolved reagent over a specified time. This could be achieved by allowing a combined reagent to be added over time.
612,The distillation steps at 135 °C and 170 °C under nitrogen and 0.8 mmHg respectively.,These steps are meant to remove volatile compounds and distill (c-Hex)3B.,"The XDL language does not have a specific distillation step. The closest available step is Evaporate, but it does not fully capture the distillation process.","Introduce a Distill step in the XDL language to handle distillation processes. This step should allow specifying temperature, pressure, and the vessel to distill into."
613,Distillation step,Distill the residue at 61°C under 12 mmHg to obtain the final product.,"The XDL language does not have a 'Distill' step defined. Therefore, this step cannot be executed with the current XDL language.","Add a 'Distill' step to the XDL language to allow for distillation processes. The step should include attributes for temperature, pressure, and time."
614,Scrape the sides of the flask with a spatula to ensure all the oxyl precipitates out and can release the product into solution.,This step is meant to ensure that all the oxyl precipitates out and releases the product into the solution.,The XDL language does not support manual operations like scraping the sides of a flask with a spatula.,"Introduce a step in the XDL language that allows for manual intervention or scraping actions, or provide an automated equivalent if possible."
615,"After evaporation of volatiles under reduced pressure (0 mbar) at ambient temperature (25°C), a liquid nitrogen-cooled probe was inserted into the flask to facilitate the removal of the last traces of solvent in vacuo.",This step aims to remove the last traces of solvent using a liquid nitrogen-cooled probe.,The XDL language does not support the use of a liquid nitrogen-cooled probe for solvent removal.,Introduce a new step in the XDL language to handle the use of a liquid nitrogen-cooled probe for solvent removal.
616,The initiation of the reaction upon heating to 66°C until initiation occurs.,"This part means to heat the reaction mixture until a visible sign of initiation (e.g., color change, gas evolution) is observed.",The XDL language does not support conditional steps based on visual observation or initiation events.,Introduce a conditional step or a monitoring step in the XDL language that can handle initiation events based on visual or sensor feedback.
617,Add dropwise a premixed suspension of 4-methyl-benzyl amine and triethylamine in dichloromethane,This part means to add a premixed suspension dropwise to the reaction mixture.,The XDL language does not support the addition of a premixed suspension as a single step. Each reagent must be added separately.,Improve the XDL language to support the addition of premixed suspensions or mixtures as a single step.
618,"Add tributyltin hydride (0.66 g, 2.3 mmol) dropwise over 20 minutes while maintaining the temperature at 100 °C.",This step aims to add tributyltin hydride slowly over a period of 20 minutes while keeping the reaction mixture at 100 °C.,The current XDL language does not support the 'dropwise' addition of a solid reagent over a specified time period.,"To improve the XDL language, a new attribute for the Add step should be introduced to handle the dropwise addition of solid reagents over a specified time period."
619,"Distill the product using a Kugelrohr apparatus, collecting the fraction boiling at 152-156°C at 26 mmHg.",This step aims to distill the product using a Kugelrohr apparatus and collect the fraction boiling at a specific temperature and pressure.,The XDL language does not have a 'Distill' step or a way to specify the use of a Kugelrohr apparatus for distillation.,"Add a 'Distill' step to the XDL language that allows specifying the apparatus, temperature, and pressure for distillation."
620,distill under reduced pressure,Distillation of the product under reduced pressure,The XDL language does not have a 'Distill' step defined.,Add a 'Distill' step to the XDL language to allow for distillation under reduced pressure.
621,Remove the solvent under reduced pressure (0 mbar).,This step aims to remove the solvent by applying a vacuum.,The XDL language does not support specifying a pressure of 0 mbar for the Evaporate step. The minimum pressure allowed is typically hardware dependent but not explicitly defined as 0 mbar.,The XDL language should allow specifying a pressure of 0 mbar for the Evaporate step to accommodate procedures that require complete solvent removal under high vacuum.
622,Distill the residue under vacuum at exactly 113.5°C and 7 torr to obtain 900 g of pale yellow Isolongifolene,This part aims to distill the residue under specific conditions to obtain the final product.,"The XDL language does not have a 'Distill' step. The closest available step is 'Evaporate', but it does not allow for the precise control required for distillation.",Introduce a 'Distill' step in the XDL language that allows for precise control of temperature and pressure during the distillation process.
623,"Distill the residue under reduced pressure (100 mbar, 30°C).",This part means to perform a distillation of the residue under reduced pressure.,The XDL language does not have a 'Distill' step defined in the provided documentation.,Add a 'Distill' step to the XDL language to allow for distillation operations.
624,The use of a needle in the septum to allow evolved H2 gas to escape during the addition of the acetic acid and water mixture to the iron powder.,This step is meant to safely vent the evolved hydrogen gas during the addition of the acetic acid and water mixture to the iron powder.,The XDL language does not have a step to simulate the use of a needle in the septum for venting gases during a reaction.,"Introduce a new step in the XDL language to handle gas venting during reagent addition, such as <VentGas> with attributes for the vessel and gas type."
625,The step where the solid is scraped from the sides of the vessel and ground up to a fine powder in the glove box.,This step is meant to collect and grind the solid product to a fine powder under an inert atmosphere.,The XDL language does not support manual operations like scraping and grinding solids.,"Introduce a new step in the XDL language to handle manual operations like scraping and grinding solids, such as <ManualOperation> with attributes for the vessel and operation type."
626,Remove the supernatant using a syringe.,This step aims to remove the liquid phase (supernatant) from the solid precipitate.,The XDL language does not have a specific step for removing the supernatant using a syringe.,Introduce a new step in the XDL language to handle the removal of supernatant using a syringe or similar method.
627,"The reaction mixture was freeze-pump-thaw degassed (three cycles), placed under an atmosphere of CO",This part of the procedure aims to degas the reaction mixture by freeze-pump-thaw cycles and then place it under an atmosphere of CO.,The XDL language does not support freeze-pump-thaw degassing cycles or placing a vessel under a specific gas atmosphere.,"To improve the XDL language, add steps for freeze-pump-thaw degassing and placing a vessel under a specific gas atmosphere."
628,Seal the flask with a rubber septum and place it under a nitrogen atmosphere via an inlet needle.,This step aims to create an inert atmosphere in the reaction vessel.,The XDL language does not have a step to explicitly seal a flask with a rubber septum or to place it under a nitrogen atmosphere via an inlet needle.,Introduce a new step in the XDL language to seal a vessel and place it under an inert atmosphere via an inlet needle.
629,"When the cleavage is judged complete by TLC or another suitable method, transfer the contents of the flask to a separatory funnel.",This step aims to ensure the reaction is complete before proceeding to the next step.,The XDL language does not have a step to judge the completion of a reaction by TLC or any other method.,Introduce a new step in the XDL language to check the completion of a reaction by TLC or another suitable method.
630,"The filtrate was stored at +4°C for 12 hours to yield a third crop (0.82 g, 20%).",This step aims to crystallize additional product by cooling the filtrate to 4°C for 12 hours.,The XDL language does not support storing a filtrate at a specific temperature for a prolonged period to induce crystallization.,Introduce a new step in the XDL language to allow for storing a solution at a specific temperature for a given time to induce crystallization.
631,A rubber tube was connected from the top of the water condenser to a 1 L beaker containing 500 ml of commercial Chlorox.,This step is meant to safely vent any gases produced during the reaction into a Chlorox solution.,The XDL language does not support the concept of connecting a rubber tube to vent gases into another container.,Introduce a new step in the XDL language to handle gas venting or gas scrubbing.
632,The use of a Schlenk flask and the addition of reagents via cannula.,"The Schlenk flask is used to maintain an inert atmosphere, and the cannula is used to add reagents under inert conditions.",The XDL language does not have specific components or steps to represent a Schlenk flask or the use of a cannula for reagent addition.,Introduce a new component type for Schlenk flask and a new step for cannula addition to better represent these operations.
633,under illumination of a sun lamp,The reaction mixture needs to be exposed to light from a sun lamp during the addition of Br2.,The current XDL language does not support steps involving illumination or light exposure.,"Add a new step in the XDL language to handle illumination or light exposure, such as <Illuminate .../>."
634,The step involving thin layer chromatography (TLC) to check for the completion of the reaction.,This step is used to monitor the progress of the reaction and determine when the starting material is no longer present.,The XDL language does not currently support steps for analytical techniques such as TLC.,"To improve the XDL language, a new step for performing and analyzing TLC should be added. This step could include attributes for the solvent system, the time to run the TLC, and the criteria for determining completion."
635,Filter the hot mixture through Celite under vacuum (0 mbar),This step aims to filter the hot mixture through Celite under vacuum.,The XDL language does not support filtering under vacuum directly. The FilterThrough step does not have an attribute to specify vacuum conditions.,"Add support for vacuum filtration in the XDL language, possibly by adding a 'pressure' attribute to the FilterThrough step."
636,monitoring the reaction progress by TLC every 12 hours,This part means to check the progress of the reaction using Thin Layer Chromatography (TLC) every 12 hours.,The XDL language does not have a step to perform TLC or any other analytical technique to monitor reaction progress.,"To improve the XDL language, a new step for performing TLC or other analytical techniques should be added."
637,Seal the flask with a septum equipped with two inlet needles as an exit valve.,This step is meant to seal the reaction vessel to prevent contamination and allow for controlled addition of reagents.,The XDL language does not have a step to seal a vessel with a septum or to equip it with inlet needles.,Introduce a new step in the XDL language to seal a vessel with a septum and equip it with inlet needles.
638,Monitor the reaction progress by 1H NMR until complete conversion to the silylated intermediate is confirmed.,This step is meant to monitor the reaction progress using 1H NMR spectroscopy.,The XDL language does not have a step to monitor reaction progress using analytical techniques like 1H NMR.,Introduce a new step in the XDL language to monitor reaction progress using analytical techniques like 1H NMR.
639,Pass CO2 gas through the solution for 30 minutes.,This step is meant to introduce CO2 gas into the solution to cause a chemical reaction.,The XDL language does not have a specific step for passing gas through a solution for a set period of time.,Introduce a new step in the XDL language to allow for the introduction of gas into a solution for a specified period of time.
640,"Distill under reduced pressure (100 mbar, 30°C).",This step is meant to distill the product under reduced pressure to purify it.,The XDL language does not have a specific step for distillation under reduced pressure.,Introduce a new step in the XDL language to allow for distillation under reduced pressure.
641,"Completion of the reaction was monitored by TLC using an appropriate solvent system to observe the disappearance of 2,4-diacetyl phloroglucinol.",This step is meant to monitor the progress of the reaction using Thin Layer Chromatography (TLC).,The XDL language does not currently support steps for monitoring reaction progress using TLC or any other analytical techniques.,Introduce a new step in the XDL language to allow for monitoring reaction progress using TLC or other analytical techniques.
642,Collect the second crop if necessary.,This part means to collect any additional precipitate that forms after the initial filtration.,The current XDL language does not support conditional steps or the concept of collecting a second crop of precipitate.,Introduce a conditional step or a repeat step that checks for additional precipitate formation and collects it if present.
643,CO2 gas was passed through the solution by attaching a conical flask of solid CO2 to a bubbler via the solution.,This step aims to introduce CO2 gas into the solution to cause a reaction.,The XDL language does not support the direct introduction of gas from a solid source via a bubbler.,Introduce a new step in the XDL language to handle the introduction of gas from a solid source via a bubbler.
644,The product was distilled under reduced pressure to obtain a colorless liquid.,This step aims to purify the product by distillation under reduced pressure.,The XDL language does not have a 'Distill' step.,Introduce a 'Distill' step in the XDL language to handle distillation processes.
645,"A rubber tube exiting the water condenser led to a one-liter water-filled inverted graduated cylinder in a water trough, allowing for easy monitoring of nitrogen evolution.",This part describes a setup for monitoring gas evolution during the reaction.,The XDL language does not support the setup and monitoring of gas evolution using a water-filled inverted graduated cylinder.,"To improve the XDL language, add support for gas monitoring setups, including the ability to specify gas evolution monitoring equipment and conditions."
646,Pass CO2 gas through the solution until saturation.,This step aims to saturate the solution with CO2 gas.,The XDL language does not have a direct way to determine when a solution is saturated with a gas.,Introduce a new attribute or step in the XDL language to allow for gas saturation detection or specify a time duration for gas purging based on empirical data.
647,Distill under reduced pressure.,This step aims to distill the product under reduced pressure.,The XDL language does not have a 'Distill' step.,Introduce a 'Distill' step in the XDL language to allow for distillation under specified conditions.
648,The step involving the concentration of the mixture using a rotary evaporator and subsequent heating at 100 °C for 72 hours under vacuum.,This part aims to remove the solvent and dry the residue under vacuum.,"The XDL language does not support the combination of evaporation and drying in a single step. Additionally, the drying step is incorrectly specified in the XDL code.","The XDL language should support a combined step for evaporation and drying under vacuum. Alternatively, the drying step should be correctly specified in the XDL code."
649,Monitoring the reaction completion using TLC.,This part aims to check the progress of the reaction by taking small aliquots and analyzing them using TLC.,The XDL language does not support analytical techniques like TLC for monitoring reaction progress.,"The XDL language should include steps for common analytical techniques like TLC, NMR, etc., to monitor reaction progress."
650,"A solution of phosphoryl chloride (1.01 mmol, 0.094 mL) in chloroform (3.5 mL) was added dropwise to a mixture...",The procedure requires the addition of a solution dropwise over a period of time.,The XDL language does not support the creation of a solution and then adding it dropwise over a period of time in a single step.,Introduce a new step that allows for the creation of a solution and its addition dropwise over a specified time period.
651,Sublime the resulting yellow residue at 80°C and 10^-3 mbar to obtain an off-white crystalline solid.,This step aims to purify the product by sublimation under specific temperature and pressure conditions.,"The XDL language does not have a specific step for sublimation. The closest available steps are Dry and Evaporate, but these do not fully capture the sublimation process.","Introduce a new step in the XDL language specifically for sublimation, with attributes for temperature, pressure, and time."
652,"A rubber tube exiting the water condenser led to a one-liter water-filled inverted graduated cylinder in a water trough, allowing for easy monitoring of nitrogen evolution.",This part describes a setup for monitoring gas evolution during the reaction.,The XDL language does not support steps for setting up or monitoring gas evolution using external apparatus like a graduated cylinder.,Extend the XDL language to include steps for setting up and monitoring gas evolution using external apparatus.
653,The mixture was alternatively heated and cooled with the water bath to maintain a temperature of 57.5°C.,This part describes a manual process of alternating heating and cooling to maintain a specific temperature.,The XDL language does not support alternating heating and cooling steps to maintain a specific temperature.,Extend the XDL language to include a step for maintaining a specific temperature by alternating heating and cooling.
654,"The product was distilled under reduced pressure at 30 °C, yielding a colorless liquid.",This part means to distill the product under reduced pressure to obtain a colorless liquid.,"The XDL language does not have a 'Distill' step. The closest step is 'Evaporate', but it is not the same as distillation.",Add a 'Distill' step to the XDL language to allow for distillation processes.
655,The Schlenk technique and the use of a needle in the septum to allow evolved H2 gas to escape.,This part means to add the acetic acid and water mixture to the iron powder while allowing the evolved H2 gas to escape.,The XDL language does not support the Schlenk technique or the use of a needle in the septum to allow gas to escape.,Add support for Schlenk techniques and gas escape mechanisms in the XDL language.
656,The use of a liquid nitrogen-cooled pre-trap during evaporation.,This part means to use a liquid nitrogen-cooled pre-trap to assist in the evaporation process.,The XDL language does not support the use of a liquid nitrogen-cooled pre-trap.,Add support for auxiliary equipment like liquid nitrogen-cooled pre-traps in the XDL language.
657,The manual scraping and grinding of the solid in the glove box.,This part means to manually scrape the solid from the sides of the vessel and grind it into a fine powder.,The XDL language does not support manual operations like scraping and grinding.,Add support for manual operations or provide a way to indicate manual steps in the XDL language.
658,Remove the supernatant via syringe.,This step aims to remove the liquid phase (supernatant) from the solid precipitate using a syringe.,"The XDL language does not support the use of a syringe for removing the supernatant. The closest available step is Transfer, but it is not suitable for selectively removing the supernatant without disturbing the precipitate.",Introduce a new step in the XDL language to handle the selective removal of supernatant using a syringe or similar method.
659,The reaction mixture was subjected to three cycles of freeze-pump-thaw degassing,"This step is meant to remove dissolved gases from the reaction mixture by freezing, applying vacuum, and then thawing.",The XDL language does not have a step to perform freeze-pump-thaw degassing.,Add a new step in the XDL language to perform freeze-pump-thaw degassing cycles.
660,"Monitor the reaction completion by TLC using a suitable solvent system, checking for the disappearance of 2,4-diacetyl phloroglucinol.",This step is meant to monitor the progress of the reaction using Thin Layer Chromatography (TLC).,The XDL language does not support steps for monitoring reaction progress using TLC or any other analytical techniques.,"To improve the XDL language, a new step for monitoring reaction progress using TLC or other analytical techniques should be added."
661,Monitor the reaction by TLC or another suitable method to judge completion.,This step is meant to monitor the progress of the reaction to determine when it is complete.,The XDL language does not currently support steps for monitoring reactions such as TLC or other analytical techniques.,"Add support for monitoring steps in the XDL language, such as TLC, NMR, or other analytical techniques."
662,"The filtrate was stored at 4°C for 12 hours to yield a third crop (0.82 g, 20%).",This step aims to store the filtrate at a low temperature to induce crystallization.,The XDL language does not have a direct way to store a vessel at a specific temperature for a prolonged period without active heating or chilling.,Introduce a new step in the XDL language to store a vessel at a specific temperature for a given time without active heating or chilling.
663,A rubber tube was connected from the top of the water condenser to a 1 L beaker containing 500 ml commercial Chlorox.,This step is meant to safely vent any gases produced during the reaction into a Chlorox solution.,The XDL language does not support the concept of connecting a rubber tube to vent gases into another container.,Introduce a new step or attribute in the XDL language to handle gas venting or gas scrubbing setups.
664,"Small pieces of sodium (2.9 g, 0.13 mol) were added piece by piece over a period of 20 minutes while stirring at 300 rpm",The sodium is added gradually over a period of 20 minutes.,The XDL language does not support the gradual addition of a solid over a specified time period.,Introduce a new attribute or step in the XDL language to allow for the gradual addition of solids over a specified time period.
665,under illumination of a sun lamp,The reaction mixture needs to be exposed to light from a sun lamp during the addition of Br2.,The XDL language does not have a step or attribute to specify illumination or light exposure.,Introduce a new step or attribute in the XDL language to specify illumination or light exposure during a reaction.
666,Monitor the reaction progress using TLC every 12 hours until completion.,This step is meant to monitor the progress of the reaction using Thin Layer Chromatography (TLC) every 12 hours.,The XDL language does not support steps for monitoring reaction progress using TLC or any other analytical techniques.,"To improve the XDL language, a new step for monitoring reaction progress using TLC or other analytical techniques should be added. This step should include attributes for the method, frequency, and criteria for completion."
667,Monitor reaction progress using 1H NMR.,This step is meant to monitor the progress of the reaction using 1H NMR spectroscopy.,The XDL language does not currently support steps for monitoring reaction progress using analytical techniques like NMR.,"Introduce a new step in the XDL language for monitoring reaction progress using analytical techniques such as NMR, GC, or HPLC."
668,The addition of the solution dropwise over a period of time.,This part means to add the solution slowly to the mixture over a period of time.,The XDL language does not support a direct way to specify the addition of a solution dropwise over a period of time.,Add support for a 'dropwise' attribute in the Add step to specify the addition of a solution dropwise over a period of time.
669,store the mixture at 4°C for 12 hours,This step is meant to cool the mixture to 4°C and maintain it at that temperature for 12 hours.,The XDL language does not have a direct way to store a mixture at a specific temperature for an extended period.,"Introduce a new step in the XDL language to maintain a mixture at a specific temperature for a given duration, such as <StoreAtTemp>."
670,"The flask was fitted with a condenser, and a hosing adapter with a Teflon stopcock was attached to the top of the condenser.","This part describes the setup of the apparatus, including the attachment of a condenser and a hosing adapter with a Teflon stopcock.","The XDL language does not have steps to describe the physical setup of the apparatus, such as attaching a condenser or a hosing adapter.","Introduce steps in the XDL language to describe the setup of the apparatus, including attaching condensers, adapters, and other hardware components."
671,"The apparatus was attached to a double manifold Schlenk line, cycled with vacuum/argon three times, and left open to argon.","This part describes the process of attaching the apparatus to a Schlenk line, cycling with vacuum/argon, and leaving it under an argon atmosphere.",The XDL language does not have steps to describe the attachment to a Schlenk line or the cycling with vacuum/argon.,Introduce steps in the XDL language to describe the attachment to a Schlenk line and the cycling with vacuum/argon.
672,An oil bubbler was attached to a second tap of the double manifold and opened to argon.,This part describes the attachment of an oil bubbler to the apparatus and opening it to argon.,The XDL language does not have steps to describe the attachment of an oil bubbler or opening it to argon.,Introduce steps in the XDL language to describe the attachment of an oil bubbler and opening it to argon.
673,The cooled solution was then poured into 200 ml of cold water.,This step involves pouring the cooled solution into cold water to precipitate the product.,The XDL language does not support a direct 'pour' action or a way to mix two solutions in a way that mimics pouring.,Introduce a 'Mix' step in the XDL language to allow for combining two solutions in a controlled manner.
674,Monitor the reaction progress by taking small aliquots of the reaction mixture at regular intervals and analyzing them by TLC until the ortho-cresol spot disappears.,This step is meant to monitor the progress of the reaction using Thin Layer Chromatography (TLC).,The XDL language does not currently support steps for sampling and analyzing reaction progress using TLC or any other analytical techniques.,"To improve the XDL language, add steps for sampling and analyzing reaction progress, such as a 'Sample' step and an 'Analyze' step."
675,Scrape the sides of the flask with a spatula to ensure all the oxyl precipitates out and can release the product into solution.,This step is meant to ensure that all the oxyl precipitates out and releases the product into the solution.,The XDL language does not support manual operations such as scraping the sides of a flask with a spatula.,Introduce a new step in the XDL language to handle manual operations or provide a way to simulate this action.
676,Place an appropriately sized piece of filter paper on top of the dry silica gel layer and pre-wet with hexanes (enough to cover the silica gel layer).,This step is meant to prepare the silica gel layer for column chromatography by placing filter paper and pre-wetting it with hexanes.,The XDL language does not support the placement of filter paper or pre-wetting steps.,Introduce new steps in the XDL language to handle the placement of filter paper and pre-wetting with solvents.
677,Place another piece of appropriately sized filter paper atop this layer.,This step is meant to place another piece of filter paper on top of the packed material.,The XDL language does not support the placement of filter paper.,Introduce a new step in the XDL language to handle the placement of filter paper.
678,Fit the flask with a reflux condenser while maintaining the nitrogen atmosphere.,This step is meant to ensure that the reaction mixture is under reflux conditions while maintaining an inert atmosphere.,The XDL language does not have a specific step to fit a reflux condenser or maintain a nitrogen atmosphere while heating.,Add a new step in the XDL language to fit a reflux condenser and maintain an inert atmosphere during heating.
679,The recrystallization step involving heating to boiling point and then cooling to room temperature.,"This step is meant to dissolve the solid in ethyl acetate by heating to boiling point, then cooling to room temperature to allow recrystallization.",The XDL language does not have a direct way to specify heating to boiling point and then cooling to room temperature for recrystallization.,"Add a new step in the XDL language to handle recrystallization, which includes heating to boiling point and then cooling to room temperature."
680,Monitor the progress of the reaction by 1H NMR.,This step is meant to check the progress of the reaction using 1H NMR spectroscopy.,The XDL language does not support steps for analytical techniques like NMR spectroscopy.,"To improve the XDL language, consider adding support for analytical steps such as NMR, HPLC, or GC to monitor reaction progress."
681,The step involving TLC analysis to check the conversion of benzaldehyde to the corresponding imine.,This step is meant to monitor the progress of the reaction and determine when the reaction is complete.,The XDL language does not support analytical techniques like TLC for monitoring reaction progress.,Include support for analytical techniques like TLC in the XDL language to allow for monitoring reaction progress.
682,Immediately keep the Raney nickel under water as it is pyrophoric.,This step is meant to ensure the safety of handling Raney nickel by keeping it under water to prevent it from catching fire.,The current XDL language does not have a step to handle pyrophoric materials or to keep a solid under a liquid for safety reasons.,"Introduce a new step in the XDL language to handle pyrophoric materials, such as <KeepUnderLiquid> or <SafetyHandling>."
683,Reaction completion was monitored by taking an aliquot every 2 hours and analyzing by 1H NMR.,This step is meant to monitor the progress of the reaction by taking small samples and analyzing them.,The XDL language does not support steps for taking aliquots and performing NMR analysis.,"Introduce new steps in the XDL language for sampling and analysis, such as <Sample> and <Analyze>."
684,The step involving the use of an ice bath to maintain the temperature at 0°C.,This part means to achieve a constant temperature of 0°C using an ice bath.,"The XDL language does not have a specific step for using an ice bath. The closest available steps are HeatChillToTemp and HeatChill, which can control temperature but do not specify the use of an ice bath.",Introduce a new step in the XDL language to specify the use of an ice bath for temperature control.
685,The step involving the addition of carbon tetrachloride dropwise over 4 hours.,This part means to add carbon tetrachloride slowly over a period of 4 hours.,The XDL language does not support a time attribute for the Add step that allows for such a long duration of addition.,"Extend the XDL language to support a time attribute for the Add step that allows for long-duration additions, or introduce a new step specifically for slow additions over extended periods."
686,The Schlenk vessel was then vacuum degassed for 15 minutes and left under argon.,This step aims to remove air from the vessel and replace it with an inert gas (argon).,The XDL language does not have a direct step for vacuum degassing for a specific time and then leaving the vessel under an inert gas.,Introduce a new step in the XDL language for vacuum degassing for a specific time and then refilling with an inert gas.
687,Fit the flask with a reflux condenser while maintaining the nitrogen atmosphere.,This step is meant to ensure that the reaction mixture is under reflux conditions while maintaining an inert atmosphere.,The XDL language does not have a specific step to fit a reflux condenser or maintain a nitrogen atmosphere while heating.,Add a new step in the XDL language to fit a reflux condenser and maintain an inert atmosphere during heating.
688,"The flask was fitted with a condenser, and a hosing adapter with a Teflon stopcock was attached to the top of the condenser. The apparatus was attached to a double manifold Schlenk line, cycled with vacuum/argon three times, and left open to argon.","This part describes setting up the apparatus with a condenser and a Schlenk line, and cycling with vacuum/argon.","The XDL language does not support the explicit setup of hardware like condensers or Schlenk lines, nor the cycling with vacuum/argon.",Extend the XDL language to include steps for setting up specific hardware configurations and cycling with vacuum/argon.
689,An oil bubbler was attached to a second tap of the double manifold and opened to argon.,This part describes attaching an oil bubbler to maintain an inert atmosphere.,The XDL language does not support the explicit setup of oil bubblers or maintaining an inert atmosphere through such means.,Extend the XDL language to include steps for setting up oil bubblers and maintaining inert atmospheres.
690,"add copper(I) chloride (1 g), 2-bromo-3,4,5-trimethoxy-1-methylbenzene (26.0 g), and 3 mL dry dimethylformamide in sequence under a nitrogen atmosphere",Adding reagents under a nitrogen atmosphere to maintain an inert environment.,"The XDL language does not support adding reagents under a nitrogen atmosphere directly. The Purge step is used to purge the vessel with nitrogen, but it does not cover the addition of reagents under a continuous nitrogen atmosphere.",Introduce a new step or attribute in the Add step to allow adding reagents under a nitrogen atmosphere.
691,Monitor the completion of the reaction by TLC using a 1:1 mixture of hexane and ethyl acetate as the solvent system.,This step is meant to check the progress of the reaction using Thin Layer Chromatography (TLC).,The XDL language does not support steps for monitoring reactions using TLC or any other analytical techniques.,"To improve the XDL language, a new step for monitoring reactions using TLC or other analytical techniques should be added."
692,Scrape the sides of the flask with a spatula to ensure all the oxyl precipitates out and can release the product into solution.,This step is meant to ensure that all the precipitated solid is collected and the product is fully released into the solution.,The XDL language does not support manual operations like scraping the sides of a flask with a spatula.,Introduce a step in the XDL language that allows for manual intervention or a way to ensure complete precipitation and collection of solids without manual scraping.
693,Use an appropriately sized piece of filter paper relative to the size of the funnel to cover the top of the dry silica gel layer and pre-wet with hexanes.,This step is meant to prepare the silica gel column by covering it with filter paper and pre-wetting it with hexanes.,The XDL language does not support the use of filter paper or the pre-wetting of a column with a solvent.,"Introduce steps in the XDL language to handle column preparation, including the use of filter paper and pre-wetting with solvents."
694,Fit the flask with a reflux condenser (still under nitrogen) and place it on an oil bath.,This step is meant to set up the reaction apparatus with a reflux condenser and maintain an inert atmosphere.,The XDL language does not have a specific step to fit a reflux condenser or to place the flask on an oil bath.,Add steps to the XDL language to fit a reflux condenser and to place the flask on an oil bath.
695,The recrystallization step involving heating to boiling point and then cooling to room temperature.,"This part aims to dissolve the solid in EtOAc by heating to boiling point, then cooling to room temperature to allow recrystallization.",The XDL language does not have a direct way to specify heating to boiling point and then cooling to room temperature for recrystallization.,"Introduce a new step in the XDL language to handle recrystallization, which includes heating to boiling point and then cooling to room temperature."
696,"Monitor the reaction progress by 1H NMR. If the reaction is incomplete, cool the reaction mixture to 0 °C again for 10 minutes, then add another portion of 0.137 g (1.35 mmol) of triethylamine followed by 0.113 g (0.99 mmol) of MsCl dropwise.","This part means to monitor the reaction progress using 1H NMR and, if incomplete, repeat the addition of reagents and cooling steps.",The XDL language does not support monitoring reaction progress using 1H NMR or any other analytical techniques.,"To improve the XDL language, add support for analytical steps such as NMR, HPLC, or TLC to monitor reaction progress."
697,"A solution of sodium borohydride (19 g) in 40 mL of aqueous sodium hydroxide (0.4 g NaOH in 40 mL water) was added dropwise over 90 minutes, keeping the reaction temperature at 39 °C.",This part means to add a solution of sodium borohydride in aqueous sodium hydroxide dropwise over a period of 90 minutes while maintaining the reaction temperature.,The XDL language does not support the creation of a solution within the procedure. The solution of sodium borohydride in aqueous sodium hydroxide should be prepared beforehand and added as a single reagent.,"Improve the XDL language to support the creation of solutions within the procedure. For now, the solution should be prepared beforehand and added as a single reagent."
698,Immediately keep the Raney nickel under water as it is pyrophoric.,This step is meant to ensure the safety of handling Raney nickel by keeping it under water to prevent it from catching fire.,The XDL language does not have a specific step to handle pyrophoric materials or to keep a solid under a liquid for safety reasons.,"Introduce a new step in the XDL language to handle pyrophoric materials, such as 'KeepUnderLiquid'."
699,Reaction completion was monitored by taking an aliquot every 2 hours and analyzing by 1H NMR.,This step is meant to monitor the progress of the reaction by taking small samples and analyzing them.,The XDL language does not support steps for taking aliquots or performing NMR analysis.,"Introduce new steps in the XDL language for sampling and analysis, such as <TakeSample> and <AnalyzeNMR>."
700,The step involving the use of an ice bath to cool the mixture to 0°C.,This part means to achieve cooling the reaction mixture to 0°C using an ice bath.,The XDL language does not have a specific step for using an ice bath. It only has steps for heating or chilling to a specific temperature.,Add a new step in the XDL language to specify the use of an ice bath for cooling.
701,The Schlenk vessel was then vacuum degassed for 15 minutes and filled with argon.,This step is meant to remove air from the vessel and replace it with argon.,The XDL language does not have a direct step for vacuum degassing for a specific time and then filling with argon.,Add a new step in the XDL language to allow for vacuum degassing for a specific time and then filling with an inert gas.
702,Cool the mixture in an ice bath,This step is meant to cool the reaction mixture rapidly to 0°C or below using an ice bath.,"The XDL language does not have a specific step for cooling using an ice bath. The closest available step is HeatChillToTemp, which can be used to cool to a specific temperature but does not specify the use of an ice bath.","Introduce a new step in the XDL language to specify cooling using an ice bath, or allow HeatChillToTemp to specify the cooling method."
703,acidify with glacial acetic acid until the pH is neutral or slightly acidic (pH ~5-6),This step is meant to adjust the pH of the reaction mixture to a specific range using glacial acetic acid.,The XDL language does not have a step to measure and adjust pH to a specific value or range.,"Introduce a new step in the XDL language to measure and adjust pH, allowing for the addition of an acid or base until the desired pH is reached."
704,"The combined solution was poured into the 4-methyl-7-hydroxycoumarin solution while stirring, then heated to the boiling point of 1,4-dioxane (101°C) and maintained at reflux for 24 hours.",This part means to combine the solutions and then heat the mixture to reflux for 24 hours.,"The XDL language does not support the concept of 'pouring' one solution into another while stirring. The closest approximation is to use the Transfer step, but it does not capture the simultaneous stirring and pouring action.","Introduce a new step in the XDL language that allows for combining solutions while stirring, or allow the Transfer step to include a stirring attribute."
705,"After cooling the mixture to 0°C using an ice bath, sulfur dioxide gas was passed through the mixture until the color of bromine disappeared.",This step aims to remove the bromine by passing sulfur dioxide gas through the mixture until the bromine color disappears.,The XDL language does not support a step to pass gas through a mixture until a color change is observed.,"Introduce a new step in the XDL language to pass gas through a mixture until a specified condition (e.g., color change) is met."
706,sulfur dioxide gas was passed through the mixture at a moderate flow rate until the color of bromine disappeared,This step aims to remove the bromine by passing sulfur dioxide gas through the mixture until the color of bromine disappears.,The XDL language does not support a conditional step based on the disappearance of color. It only allows for a fixed time duration for purging.,"Introduce a conditional step in the XDL language that allows for actions based on visual or sensor feedback, such as color change."
707,"The step 'After standing for 12 hours, the dark red solution was poured onto ice, and the deep orange-brown precipitate was filtered and washed with water.'","This step involves pouring the solution onto ice, which is not directly executable in the XDL language.","The XDL language does not have a step to 'pour' a solution onto ice. The closest approximation would be to add ice to the solution, but this does not capture the exact action described.",Introduce a new step in the XDL language to handle the action of pouring a solution onto a solid (like ice).
708,"After standing for 12 hours, the dark red solution was poured onto ice","This step involves pouring the solution onto ice, which is not directly executable in the XDL language.","The XDL language does not support a step for pouring a solution onto ice directly. The closest available steps involve transferring between vessels, but not directly onto ice.",Introduce a new step in the XDL language to handle pouring solutions onto ice or similar cooling agents.
709,The step involving the vacuum desiccator for drying the combined crops at 0 mbar.,This step aims to dry the combined crops of crystals under vacuum.,"The XDL language does not have a specific step for using a vacuum desiccator. The closest available step is 'Dry', but it is typically used for drying in a rotavap or reactor.","Introduce a new component type 'desiccator' and a corresponding 'Dry' step that can be used with this component. Alternatively, allow the 'Dry' step to be used with a 'flask' or 'filter' component."
710,The recrystallization step involving the addition of ethyl ether to the vessel containing the solid and heating to the boiling point of the solvent (34.6°C).,This step aims to dissolve the solid product in ethyl ether by heating to its boiling point and then cooling to recrystallize the product.,"The XDL language does not support a direct recrystallization step. The current steps for dissolving and heating do not fully capture the recrystallization process, especially the cooling and subsequent crystallization.","Introduce a new step in the XDL language specifically for recrystallization, which includes dissolving the solid in a solvent, heating to the boiling point, cooling, and then filtering the recrystallized product."
711,"The recrystallization step involving the addition of ethyl ether, heating to boiling point, and then cooling to room temperature.",This part aims to dissolve the solid product in ethyl ether by heating and then recrystallize it by cooling.,"The XDL language does not have a direct way to handle recrystallization, which involves dissolving a solid in a solvent by heating and then cooling to precipitate the solid.","Introduce a new step in the XDL language specifically for recrystallization, which would include attributes for the solvent, heating temperature, cooling temperature, and stirring conditions."
712,The use of a Dean-Stark apparatus for the reaction.,The Dean-Stark apparatus is used to remove water from the reaction mixture by azeotropic distillation.,The current XDL language does not support the explicit use of a Dean-Stark apparatus or the process of azeotropic distillation.,"To improve the XDL language, a new component type for Dean-Stark apparatus and a step for azeotropic distillation should be added."
713,Ensuring the temperature did not rise above 0 °C during the addition of triethylamine and pentafluorophenol.,This part means to maintain the temperature below 0 °C while adding the reagents.,The XDL language does not support conditional temperature control during the addition of reagents.,Add a feature to the XDL language that allows for conditional temperature control during reagent addition.
714,"Purify the resulting oil by column chromatography using a 2 x 25 cm column of silica gel with a solvent mixture of ethyl acetate and petroleum ether in a 1:3 ratio, at a flow rate of 1 mL/min.",This part means to purify the product using column chromatography with specific column dimensions and solvent mixture.,The XDL language does not support specifying the dimensions of the column or the solvent mixture ratio for column chromatography.,Improve the XDL language to include attributes for specifying column dimensions and solvent mixture ratios in the RunColumn step.
715,monitoring the reaction progress by thin-layer chromatography (TLC),This part means to check the progress of the reaction using TLC.,The XDL language does not have a step to perform or monitor TLC.,"Add a new step in the XDL language to perform and monitor TLC, including attributes for the solvent system, plate type, and detection method."
716,Monitor the reaction progress by thin-layer chromatography (TLC).,This step is meant to monitor the progress of the reaction using TLC.,"The XDL language does not currently support steps for monitoring reaction progress, such as TLC.","Introduce a new step in the XDL language for monitoring reaction progress, such as TLC, with attributes for the method and conditions."
717,Recrystallize from a 40/60 mixture of petroleum ether.,This step aims to recrystallize the product using a mixture of petroleum ether.,The XDL language does not have a specific step for recrystallization.,"Add a new step in the XDL language for recrystallization, which includes attributes for the solvent mixture, temperature, and time."
718,"Recrystallize the concentrated product by adding a 40/60 mixture of petrol to the vessel containing the solid, heating to the boiling point of the solvent, then cooling to room temperature and subsequently evaporating to remove the solvent.","This step aims to recrystallize the product by dissolving it in a solvent mixture, heating to boiling, cooling, and then evaporating the solvent.","The XDL language does not support a direct recrystallization step that involves heating to boiling, cooling, and then evaporating the solvent in a single step. The current XDL language lacks a specific step for recrystallization that combines these actions.","Introduce a new step in the XDL language specifically for recrystallization that allows for heating to boiling, cooling, and subsequent evaporation in a single step."
719,Add the Grignard reagent solution via a cannula with stirring at 1000 rpm.,This step involves transferring the Grignard reagent solution to another vessel using a cannula while stirring at a specific speed.,The XDL language does not support the concept of transferring a solution via a cannula. It also does not support specifying the stirring speed during a transfer.,Introduce a new attribute or step in the XDL language to handle transfers via cannula and allow specifying stirring speed during transfers.
720,Add the Grignard reagent solution via a cannula with vigorous stirring (1000 rpm).,This step involves transferring the Grignard reagent solution from one vessel to another using a cannula while stirring vigorously.,The XDL language does not support the concept of transferring a solution via a cannula. The Transfer step in XDL does not specify the method of transfer.,"Introduce a new attribute or step in the XDL language to specify the method of transfer, such as 'via_cannula'."
721,Fit a reflux condenser and heat the solution to 95°C on a boiling water bath for one hour.,This step involves fitting a reflux condenser to the reactor and heating the solution to 95°C using a boiling water bath.,The XDL language does not support the concept of fitting a reflux condenser. The HeatChill step can control temperature but does not specify the use of a reflux condenser.,"Introduce a new attribute or step in the XDL language to specify the use of a reflux condenser, such as 'use_reflux_condenser'."
722,Add sulfuric acid dropwise until the solution is acidic (pH < 7).,This step aims to adjust the pH of the solution by adding sulfuric acid dropwise until the solution becomes acidic.,The XDL language does not support pH monitoring or conditional steps based on pH changes.,"To improve the XDL language, add support for pH monitoring and conditional steps based on pH changes. For now, the step can be approximated by adding a fixed volume of sulfuric acid dropwise."
723,Add sulfuric acid dropwise until the solution is acidic (pH ~2),This step aims to acidify the solution to a specific pH by adding sulfuric acid dropwise.,The XDL language does not support pH monitoring or control. It can only add reagents dropwise but cannot stop based on pH.,"To improve the XDL language, add support for pH monitoring and control. This would allow the procedure to stop adding acid once the desired pH is reached."
724,irradiated at 120°C for 10 minutes,This part means to use microwave irradiation to heat the reaction mixture.,The XDL language does not have a step to perform microwave irradiation.,"Add a new step in the XDL language to handle microwave irradiation, such as <MicrowaveIrradiate> with attributes for vessel, temperature, and time."
725,The mixture was irradiated at 120°C for 10 minutes.,This step involves using microwave irradiation to heat the reaction mixture.,The XDL language does not currently support microwave irradiation as a heating method.,"Add support for microwave irradiation in the XDL language, including attributes for power and duration."
726,Sublime the resulting yellow residue at 80°C and 0.001 mbar to obtain an off-white crystalline solid.,This step aims to purify the product by sublimation under specific temperature and pressure conditions.,"The XDL language does not have a specific step for sublimation. The closest available steps are Dry and Evaporate, but these do not accurately represent the sublimation process.","Introduce a new step in the XDL language specifically for sublimation, with attributes for temperature, pressure, and time."
727,Sublime the resulting yellow residue at 80°C and 10^-3 mbar to obtain an off-white crystalline solid.,This step aims to purify the product by sublimation under specific temperature and pressure conditions.,"The XDL language does not currently support a 'Sublime' step. The closest available steps are 'Evaporate' and 'Dry', but these do not achieve the same purpose as sublimation.","Add a 'Sublime' step to the XDL language to handle sublimation processes. This step should allow specifying temperature, pressure, and time."
728,"WARNING: Peresters are potentially explosive, especially when dry. Take special care, and perform the reaction behind a screen. When transferring crystals, treat gently and avoid scratching.",This part is a safety warning and instruction for handling peresters.,The XDL language does not support safety warnings or instructions for handling materials.,Add a feature to include safety warnings and handling instructions in the XDL language.
729,Allow the solution to warm slowly to 15 °C at a rate of 10 degrees per 2 minutes.,This step aims to gradually increase the temperature of the solution from -5 °C to 15 °C at a controlled rate.,The current XDL language does not support a step to gradually change the temperature at a specific rate.,"Introduce a new step in the XDL language that allows for gradual temperature changes at a specified rate, such as <GradualHeatChill> with attributes for start_temp, end_temp, rate, and stir options."
730,"From this point on, all operations were performed in the dark, and all solutions were kept at 0°C.",This part means that all subsequent steps should be performed in the dark and at 0°C.,The XDL language does not have a way to specify that operations should be performed in the dark.,Add a feature to the XDL language to specify that operations should be performed in the dark.
731,Monitor the completion of the reaction by thin-layer chromatography (TLC) using 20% ethyl acetate (EtOAc) in n-hexane as the mobile phase.,This step is meant to check the progress of the reaction using TLC.,The XDL language does not support steps for monitoring reactions using TLC or any other analytical techniques.,Include a new step in the XDL language for monitoring reactions using TLC or other analytical techniques.
732,"From this point on, all operations were performed in the dark, and all solutions were kept at 0°C.",This part means that the subsequent steps should be performed in the dark and at a constant temperature of 0°C.,The XDL language does not have a way to specify that operations should be performed in the dark or to maintain a constant temperature for all subsequent steps.,Add attributes or steps in the XDL language to specify that operations should be performed in the dark and to maintain a constant temperature for all subsequent steps.
733,shake vigorously at 1000 rpm until the red quinone is decolourised,This step aims to mix the two solutions thoroughly to ensure the reaction proceeds to completion.,"The XDL language does not have a 'shake' step. The closest available step is 'Stir', but 'Stir' does not imply the same vigorous mixing as 'shake'.",Introduce a 'Shake' step in the XDL language to allow for vigorous mixing of solutions.
734,Monitor the completion of the reaction by thin-layer chromatography (TLC) using 20% ethyl acetate (EtOAc) in n-hexane as the mobile phase.,This step is meant to check the progress of the reaction using TLC.,The XDL language does not support steps for monitoring reactions using TLC or any other analytical techniques.,"To improve the XDL language, add support for analytical steps such as TLC, NMR, or GC to monitor reaction progress."
735,Stop two of the necks with septa and fit the third with a reflux condenser.,This step is meant to set up the reaction vessel with specific equipment to ensure proper reaction conditions.,The XDL language does not support the specification of fitting septa or a reflux condenser to a vessel.,"Extend the XDL language to include steps for setting up specific equipment configurations on vessels, such as fitting septa or condensers."
736,Maintain a nitrogen atmosphere using a nitrogen balloon or Schlenk line.,This step is meant to ensure that the reaction is carried out under an inert atmosphere.,The XDL language does not support the use of a nitrogen balloon or Schlenk line to maintain an inert atmosphere.,Extend the XDL language to include steps for maintaining an inert atmosphere using specific equipment like a nitrogen balloon or Schlenk line.
737,Pour the reaction mixture into a 1 L separatory funnel along with 100 mL of ethyl acetate and 100 mL of water. Swirl thoroughly.,This step is meant to transfer the reaction mixture to a separatory funnel and mix it with ethyl acetate and water.,The XDL language does not support the action of swirling a mixture.,Extend the XDL language to include a step for swirling or thoroughly mixing a mixture in a vessel.
738,Pour onto a glass fritted funnel under water-aspirator suction that has been loaded with a 1.5 inch plug of flash-chromatographic grade silica gel.,This step is meant to filter the solution through a silica gel plug under suction.,The XDL language does not support specifying the use of a water-aspirator suction or the specific loading of a silica gel plug.,"Extend the XDL language to include steps for setting up specific filtration conditions, such as using a water-aspirator suction and loading a silica gel plug."
739,shake vigorously at 1000 rpm for 5 minutes,This step aims to mix the combined solutions thoroughly by shaking.,"The XDL language does not have a specific step for shaking a vessel. The closest available step is stirring, but shaking and stirring are not the same.","Introduce a new step in the XDL language for shaking a vessel, similar to the Stir step but with a different mechanism."
740,The reaction mixture was then concentrated in vacuo (solvent was evaporated under reduced pressure),This step aims to remove the solvent from the reaction mixture under reduced pressure.,"The XDL language does not support a direct 'concentrate in vacuo' step. Instead, it uses the 'Evaporate' step, which is already included in the XDL code.",No changes needed as the 'Evaporate' step is already used in the XDL code.
741,The use of a Dean-Stark apparatus for the reaction.,The Dean-Stark apparatus is used to remove water from the reaction mixture by azeotropic distillation.,The current XDL language does not support the use of a Dean-Stark apparatus or the concept of azeotropic distillation.,Extend the XDL language to include support for Dean-Stark apparatus and azeotropic distillation. This could involve adding a new component type and associated steps for azeotropic distillation.
742,Cool the reaction on an ice bath (0°C) and adjust the dropping rate to ensure that the solution does not reflux.,This step aims to control the addition rate of pentafluorobromobenzene to prevent the solution from refluxing while cooling the reaction mixture.,The XDL language does not support dynamic adjustment of the addition rate based on the reaction conditions.,Introduce a feature in the XDL language to dynamically adjust the addition rate based on temperature or other reaction conditions.
743,Remove approximately 500 mL of solvent under reduced pressure (100 mbar).,This step aims to remove a specific volume of solvent under reduced pressure.,The current XDL language does not support removing a specific volume of solvent under reduced pressure; it only supports evaporating the entire solvent.,Introduce a feature in the XDL language to allow for the removal of a specific volume of solvent under reduced pressure.
744,Cooling to -30°C over 2 hours will cause further crystallisation.,This step aims to gradually cool the solution to -30°C over 2 hours to promote crystallization.,The XDL language does not support gradual cooling over a specified time period.,Introduce a feature in the XDL language to allow for gradual temperature changes over a specified time period.
745,Stop two of the necks with septa and fit the third with a reflux condenser.,This step is meant to prepare the reaction vessel for the reaction by sealing it and fitting it with a reflux condenser.,The XDL language does not have a way to specify the use of septa or fitting a reflux condenser.,Add a new step in the XDL language to specify the use of septa and fitting a reflux condenser.
746,Place the reaction under normal nitrogen flow.,This step is meant to maintain an inert atmosphere in the reaction vessel after purging.,The XDL language does not have a way to specify maintaining a continuous nitrogen flow.,Add a new step in the XDL language to specify maintaining a continuous inert gas flow.
747,Pour the reaction mixture into a 1 L separatory funnel along with ethyl acetate (100 mL) and water (100 mL). Swirl thoroughly.,This step is meant to transfer the reaction mixture to a separatory funnel and mix it with ethyl acetate and water.,The XDL language does not have a way to specify swirling or thorough mixing in a separatory funnel.,Add a new step in the XDL language to specify thorough mixing or swirling in a separatory funnel.
748,Cool the mixture in an ice bath.,This step is meant to cool the mixture to a low temperature using an ice bath.,The XDL language does not have a way to specify cooling using an ice bath.,Add a new step in the XDL language to specify cooling using an ice bath.
749,The solution was filtered via cannula under inert atmosphere,This step involves filtering the solution under an inert atmosphere using a cannula.,The XDL language does not support the concept of filtering via cannula under an inert atmosphere.,Introduce a new step in the XDL language to handle filtering via cannula under an inert atmosphere.
750,"A rubber tube exiting the water condenser led to a one-liter water-filled inverted graduated cylinder in a water trough, allowing for easy monitoring of nitrogen evolution.",This part describes a setup for monitoring gas evolution during the reaction.,The XDL language does not support the description of monitoring gas evolution using a graduated cylinder setup.,Extend the XDL language to include steps for setting up and monitoring gas evolution using external apparatus like graduated cylinders.
751,The mixture was alternatively heated and cooled with the water bath to maintain a temperature of 57.5°C.,This part describes a dynamic temperature control process to maintain a specific temperature.,The XDL language does not support dynamic temperature control where heating and cooling are alternated to maintain a specific temperature.,"Extend the XDL language to include steps for dynamic temperature control, allowing for alternating heating and cooling to maintain a specific temperature."
752,Pass CO2 gas through the solution by attaching a conical flask of solid CO2 to a bubbler via the solution.,This step aims to introduce CO2 gas into the solution to cause a chemical reaction.,"The XDL language does not support the concept of attaching a conical flask of solid CO2 to a bubbler. The Purge step can introduce gas, but it does not specify the source of the gas.","Extend the XDL language to include a step for introducing gas from a specific source, such as a conical flask of solid CO2."
753,The step involving the use of a needle in the septum to allow evolved H2 gas to escape.,This step is meant to safely vent the evolved hydrogen gas during the addition of the acetic acid and water mixture to the iron powder.,The XDL language does not have a step to handle the venting of gases using a needle in the septum.,"Introduce a new step in the XDL language to handle the venting of gases during a reaction, possibly named 'VentGas'."
754,The step involving the use of a liquid nitrogen-cooled pre-trap during evaporation.,This step is meant to condense and trap volatile components during the evaporation process.,The XDL language does not have a step to handle the use of a liquid nitrogen-cooled pre-trap.,"Introduce a new step in the XDL language to handle the use of a pre-trap during evaporation, possibly named 'UsePreTrap'."
755,The step involving the scraping of the solid from the sides of the vessel and grinding it to a fine powder.,This step is meant to collect and process the solid product after drying.,The XDL language does not have a step to handle the manual scraping and grinding of solids.,"Introduce a new step in the XDL language to handle the collection and processing of solid products, possibly named 'CollectSolid' and 'GrindSolid'."
756,Remove the supernatant via syringe.,This step aims to remove the liquid phase (supernatant) from the solid precipitate using a syringe.,"The XDL language does not support the use of a syringe for removing the supernatant. The closest available step is Transfer, but it is not designed for this specific purpose.",Introduce a new step in the XDL language to handle the removal of supernatant via syringe or similar method.
757,"The reaction mixture was freeze-pump-thaw degassed, placed under an atmosphere of CO","This step involves degassing the reaction mixture by freezing, applying vacuum, and thawing, followed by placing the mixture under a CO atmosphere.","The XDL language does not have a step to perform freeze-pump-thaw degassing. Additionally, placing the mixture under a specific gas atmosphere is not directly supported.",Introduce a new step in the XDL language to perform freeze-pump-thaw degassing and to place the mixture under a specific gas atmosphere.
758,The mixture was concentrated using a rotary evaporator under reduced pressure (0 mbar) until most of the solvent was removed.,This step aims to remove most of the solvent using a rotary evaporator.,The XDL language does not support a mode to evaporate 'most' of the solvent. It only supports 'auto' or 'manual' modes with specific parameters.,"Add a mode in the XDL language to evaporate 'most' of the solvent, or provide a way to specify the extent of evaporation."
759,"Completion of the reaction was monitored by TLC using a suitable solvent system, and the disappearance of 2,4-diacetyl phloroglucinol was monitored under UV light or by staining.",This step aims to monitor the reaction progress using TLC.,The XDL language does not support steps for monitoring reaction progress using TLC or any other analytical techniques.,Add steps in the XDL language to include analytical techniques like TLC for monitoring reaction progress.
760,The solvent was then evaporated under reduced pressure (0 mbar) to give the aromatized product as a dark brown residue.,This part aims to evaporate the solvent under reduced pressure to obtain the final product.,The XDL language does not support specifying a pressure of 0 mbar for the Evaporate step. The pressure attribute in the Evaporate step should be optional and not set to 0 mbar.,Improve the XDL language to handle the specification of 0 mbar pressure in the Evaporate step or allow the 'auto' mode to handle such cases.
761,A rubber tube was connected from the top of the water condenser to a 1 L beaker containing 500 mL of commercial Chlorox (sodium hypochlorite).,This step is meant to capture any gases evolved during the reaction and neutralize them in the sodium hypochlorite solution.,The XDL language does not currently support the connection of external apparatus like a rubber tube to a beaker for gas capture and neutralization.,Extend the XDL language to include steps for connecting external apparatus for gas capture and neutralization.
762,The product was dried in a vacuum desiccator with blue Drierite desiccant under a vacuum of approximately 2 torr for 4 hours.,This step is meant to dry the final product under vacuum using a desiccant.,The XDL language does not currently support the use of a vacuum desiccator with a desiccant for drying.,Extend the XDL language to include steps for using a vacuum desiccator with a desiccant for drying.
763,The addition of sodium piece by piece over a period of 20 minutes.,This step aims to add sodium in small portions over a specified time to control the reaction rate.,The XDL language does not support the addition of a solid reagent piece by piece over a specified time.,Introduce a new step in the XDL language that allows for the addition of solid reagents in portions over a specified time.
764,under illumination of a sun lamp,This part means to achieve the reaction under the illumination of a sun lamp.,The XDL language does not have a step or attribute to specify illumination conditions.,"Add a new step or attribute in the XDL language to specify illumination conditions, such as 'Illuminate'."
765,The step involving the detection of the starting material by thin layer chromatography (TLC).,This step is meant to monitor the progress of the reaction and determine when the starting material is fully consumed.,The XDL language does not support steps for analytical techniques like TLC.,"Include a new step in the XDL language for analytical techniques such as TLC, NMR, or GC to monitor reaction progress."
766,Hot vacuum filter the mixture through Celite,This step involves filtering the mixture through Celite while maintaining a high temperature and applying vacuum.,The current XDL language does not support the combination of filtering under vacuum and maintaining a high temperature simultaneously.,Extend the XDL language to support filtering under vacuum and maintaining a high temperature simultaneously. This could involve adding attributes to the FilterThrough step to specify vacuum pressure and temperature.
767,Monitor the reaction progress by 1H NMR.,This step is meant to check the progress of the reaction using 1H NMR spectroscopy.,The XDL language does not support steps for analytical techniques like NMR spectroscopy.,"Include a new step in the XDL language for analytical techniques such as NMR, GC, HPLC, etc."
768,"The step involving the addition of triethylamine and 2,3,4,5,6-pentafluorophenol dropwise while ensuring the temperature does not rise above 0 °C.",This part means to add the reagents slowly to control the exothermic reaction and maintain the temperature below 0 °C.,The XDL language does not support conditional temperature control during the addition of reagents.,Improve the XDL language to support conditional temperature control during reagent addition. This could be achieved by adding attributes to the Add step to specify temperature limits and actions to take if the temperature exceeds these limits.
769,Sublime the resulting yellow residue at 80°C and 0.001 mbar to obtain an off-white crystalline solid.,This step aims to purify the product by sublimation under specific temperature and pressure conditions.,"The current XDL language does not support a 'Sublime' step. The closest available steps are 'Dry' and 'Evaporate', but these do not achieve the same purification process as sublimation.","Introduce a new 'Sublime' step in the XDL language to handle sublimation processes. This step should include attributes for temperature, pressure, and time."
770,"Purge the resulting black suspension with nitrogen for 10 minutes at ambient temperature (25°C). Then, purge the suspension with hydrogen for 5 minutes at ambient temperature (25°C).",This part aims to purge the reaction mixture with nitrogen and hydrogen gases sequentially at a specific temperature.,"The XDL language does not support purging with a specific temperature. The 'Purge' step in XDL only allows for gas, time, pressure, and flow_rate attributes.","To improve the XDL language, add an optional 'temp' attribute to the 'Purge' step to allow purging at a specific temperature."
771,monitoring completion by thin-layer chromatography (TLC),This part means to check the progress of the reaction using TLC.,The XDL language does not have a step to perform or monitor TLC.,"Add a new step in the XDL language to perform and monitor TLC, which could include attributes for the solvent system, plate type, and detection method."
772,"Monitor the reaction progress by 1H NMR. If incomplete, cool the reaction mixture to 0 °C again and add another portion of 0.137 g of triethylamine (1.35 mmol) followed by 0.113 g of MsCl (0.99 mmol) dropwise. Stir at 0 °C for 15 minutes at 300 rpm, then warm to room temperature and stir for 30 minutes at 300 rpm. Repeat this process until the reaction is complete as determined by 1H NMR.",This part means to monitor the reaction progress using 1H NMR and repeat the addition of reagents if the reaction is incomplete.,The XDL language does not support monitoring reaction progress using 1H NMR or any other analytical techniques.,"To improve the XDL language, add support for analytical steps such as NMR, HPLC, or TLC to monitor reaction progress."
773,The step involving TLC analysis to check the conversion of benzaldehyde to the corresponding imine.,This step is meant to monitor the progress of the reaction and ensure that the conversion is almost complete.,The XDL language does not support analytical steps such as TLC analysis.,"To improve the XDL language, consider adding support for analytical steps like TLC, NMR, or GC analysis to monitor reaction progress."
774,Add the Grignard reagent solution via a cannula with vigorous stirring (1000 rpm).,This step involves transferring the Grignard reagent solution from one vessel to another using a cannula while stirring vigorously.,"The XDL language does not support the concept of transferring a solution via a cannula. Additionally, the XDL language does not support stirring at a specific speed during a transfer.",Add support for transferring solutions via a cannula and allow for stirring at a specific speed during the transfer.
775,Fit a reflux condenser and heat the solution to 95°C on a boiling water bath for one hour while stirring at 300 rpm.,This step involves fitting a reflux condenser to the reactor and heating the solution to 95°C using a boiling water bath while stirring.,The XDL language does not support the concept of fitting a reflux condenser.,Add support for fitting a reflux condenser to a reactor in the XDL language.
776,Sparge the solution by bubbling argon through it for 30 minutes while stirring at 300 rpm.,This step is meant to remove oxygen from the solution by bubbling argon through it.,The XDL language does not support a combined step for purging and stirring simultaneously.,Add a combined step for purging and stirring simultaneously in the XDL language.
777,The recrystallization step involving the addition of ethyl ether and heating to the boiling point of the solvent.,This step aims to dissolve the solid product in ethyl ether by heating to its boiling point and then cooling to recrystallize the product.,The XDL language does not support a direct way to heat a solvent to its boiling point and then cool it down for recrystallization.,"Introduce a new step in the XDL language to handle recrystallization, which includes heating to the boiling point of a solvent and then cooling down."
778,Allow the reaction mixture to warm to 15 °C at a rate of 10 degrees per 2 minutes.,This step means to gradually increase the temperature of the reaction mixture from -5 °C to 15 °C at a controlled rate.,The current XDL language does not support a step to gradually change the temperature at a specific rate. It only supports setting a target temperature directly.,"Introduce a new step in the XDL language that allows for gradual temperature changes at a specified rate. This could be called `GradualHeatChill` with attributes for the starting temperature, ending temperature, and rate of change."
779,Add this sodium borohydride solution dropwise through the dropping funnel over exactly 60 minutes while maintaining the temperature at 25°C.,This part means to add the sodium borohydride solution dropwise over a specific time while maintaining a constant temperature.,The XDL language does not support the simultaneous execution of two steps (adding dropwise and maintaining temperature) in a single step.,Improve the XDL language to support simultaneous execution of multiple steps or allow nested steps.
780,Acidify the filtrate with concentrated hydrochloric acid until the pH reaches exactly 2.,This part means to add concentrated hydrochloric acid until the pH of the solution reaches 2.,The XDL language does not support pH monitoring and adjustment.,Improve the XDL language to support pH monitoring and adjustment steps.
781,Reaction completion was monitored by taking an aliquot every two hours and analyzing it immediately by 1H NMR.,This step is meant to monitor the progress of the reaction by taking small samples and analyzing them.,The XDL language does not support steps for taking aliquots and performing NMR analysis.,"Introduce new steps in the XDL language for sampling and analysis, such as <Sample> and <Analyze>."
782,Add sulfuric acid (H2SO4) dropwise until the solution is acidic (pH ~2).,This step aims to add sulfuric acid dropwise until the solution reaches a pH of approximately 2.,The XDL language does not support pH monitoring or conditional addition based on pH.,"To improve the XDL language, a feature for pH monitoring and conditional addition based on pH should be added. For now, a fixed volume of sulfuric acid can be added dropwise."
783,The solvents were evaporated under reduced pressure (0 mbar),This step aims to remove solvents under reduced pressure.,The XDL language does not support specifying the exact pressure for evaporation in the 'Evaporate' step when using 'auto' mode.,Add support for specifying exact pressure in the 'Evaporate' step when using 'auto' mode.
784,"From this point on, all operations were performed in the dark. All solutions used were kept at 0°C at all times.",The procedure requires all subsequent steps to be performed in the dark and all solutions to be kept at 0°C.,The XDL language does not have a way to specify that operations should be performed in the dark or that all solutions should be kept at a specific temperature throughout the procedure.,Add attributes or steps in the XDL language to specify environmental conditions such as light exposure and continuous temperature control.
785,"After standing for 12 hours, the dark red solution was poured onto ice, and the deep orange-brown precipitate was filtered and washed with water.",This part means to let the solution stand for 12 hours before pouring it onto ice.,The XDL language does not have a step to let a solution stand for a specific time without any other action.,"Introduce a new step in the XDL language to let a solution stand for a specific time without any other action, such as <Stand time=""720"" />."
786,store the mixture at 4°C for 12 hours,This step is meant to cool the mixture and maintain it at 4°C for 12 hours.,The XDL language does not support a direct way to store a mixture at a specific temperature for an extended period.,Introduce a new step in the XDL language to allow for storing a mixture at a specific temperature for a given time.
787,"Recrystallize the concentrated solution by heating to the boiling point of the solvent (40/60 Petrol), cooling to room temperature, and evaporating the solvent.","This part aims to recrystallize the product by heating, cooling, and then evaporating the solvent.","The XDL language does not have a direct step for recrystallization. The combination of heating, cooling, and evaporating steps does not fully capture the recrystallization process.","Introduce a new step in the XDL language specifically for recrystallization, which includes heating to a specific temperature, cooling, and then evaporating the solvent."
788,Acidify the mixture with glacial acetic acid until the pH is approximately 5-6.,This step aims to adjust the pH of the mixture to a specific range using glacial acetic acid.,The XDL language does not currently support pH adjustments or pH monitoring.,"Add support for pH adjustments and pH monitoring in the XDL language. This could include steps like <AdjustPH> with attributes for the target pH, reagent, and vessel."
789,irradiated at 120°C for 10 minutes,This part means to heat the reaction mixture using microwave irradiation.,The current XDL language does not support microwave irradiation as a heating method.,"Add support for microwave irradiation in the XDL language, including attributes for power and duration."
790,Sulfur dioxide was passed through the mixture until the color of bromine had disappeared.,This step aims to remove the bromine by reacting it with sulfur dioxide.,The XDL language does not support a step to pass a gas through a mixture until a color change is observed.,"Introduce a new step in the XDL language to allow for gas bubbling until a color change is observed, or allow for a conditional wait based on a color change."
791,The addition of [Pd2(dba)3] and NaOtBu under an argon atmosphere,This part means to add the reagents under an inert atmosphere to prevent any unwanted reactions with air or moisture.,The current XDL language does not support adding reagents under an inert atmosphere directly. The EvacuateAndRefill step only ensures the atmosphere is inert but does not maintain it during the addition of reagents.,Introduce a new step or modify the Add step to allow for the addition of reagents under an inert atmosphere.
792,Fit the flask with a reflux condenser while maintaining the nitrogen atmosphere.,This step is meant to ensure that the reaction mixture is under reflux conditions while maintaining an inert atmosphere.,The XDL language does not have a specific step to fit a reflux condenser or maintain a nitrogen atmosphere while heating.,Add a new step in the XDL language to fit a reflux condenser and maintain an inert atmosphere during heating.
793,"The flask was fitted with a condenser, and a hosing adapter with a Teflon stopcock was attached to the top of the condenser.","This part describes the setup of the apparatus, including fitting a condenser and a hosing adapter with a Teflon stopcock.","The XDL language does not have steps to describe the physical setup of the apparatus, such as fitting a condenser or attaching a hosing adapter.","Introduce steps in the XDL language to describe the setup of the apparatus, including fitting condensers and attaching adapters."
794,"The apparatus was attached to a double manifold Schlenk line, cycled with vacuum/argon three times, and left open to argon.",This part describes the attachment of the apparatus to a Schlenk line and cycling with vacuum/argon.,The XDL language does not have steps to describe the attachment to a Schlenk line or cycling with vacuum/argon.,Introduce steps in the XDL language to describe the attachment to a Schlenk line and cycling with vacuum/argon.
795,An oil bubbler was attached to a second tap of the double manifold and opened to argon.,This part describes attaching an oil bubbler to the apparatus and opening it to argon.,The XDL language does not have steps to describe attaching an oil bubbler or opening it to argon.,Introduce steps in the XDL language to describe attaching an oil bubbler and opening it to argon.
796,The filtrate was concentrated under reduced pressure (0 mbar) to approximately 75 mL.,This step aims to reduce the volume of the filtrate to 75 mL under reduced pressure.,"The XDL language does not support specifying the final volume after evaporation directly. It only allows specifying the time, temperature, and pressure for evaporation.","Improve the XDL language to allow specifying the final volume after evaporation. For now, we can approximate this step by specifying the evaporation time and pressure."
797,The filtrate was then concentrated further under reduced pressure (0 mbar) to approximately 20 mL to yield a second crop of crystals.,This step aims to reduce the volume of the filtrate to 20 mL under reduced pressure.,"The XDL language does not support specifying the final volume after evaporation directly. It only allows specifying the time, temperature, and pressure for evaporation.","Improve the XDL language to allow specifying the final volume after evaporation. For now, we can approximate this step by specifying the evaporation time and pressure."
798,The step involving recrystallization from water.,This part means to dissolve the precipitate in hot water and then cool it to recrystallize the product.,"The XDL language does not have a specific step for recrystallization. The process involves dissolving a solid in a hot solvent and then cooling it to precipitate the pure product, which is not directly supported by the current XDL steps.","Introduce a new step for recrystallization that combines dissolving, heating, cooling, and filtering steps. This step should allow specifying the solvent, temperature, and time for each phase of the recrystallization process."
799,Stop two of the necks with septa and fit the third with a reflux condenser.,This part means to seal the flask and fit it with a reflux condenser to prevent loss of reagents and maintain the reaction conditions.,The XDL language does not support the explicit handling of septa or reflux condensers.,Add support for handling septa and reflux condensers in the XDL language.
800,Pour the reaction mixture into a 1 L separatory funnel along with ethyl acetate (100 mL) and water (100 mL). Swirl thoroughly.,"This part means to transfer the reaction mixture to a separatory funnel and add ethyl acetate and water, then mix thoroughly.",The XDL language does not support the explicit action of swirling or mixing in a separatory funnel.,Add support for mixing or swirling in a separatory funnel in the XDL language.
801,Pour onto a glass fritted funnel under water-aspirator suction that has been loaded with a 1-2 inch plug of flash-chromatographic grade silica gel.,This part means to filter the solution through a silica gel column under suction.,The XDL language does not support the explicit handling of water-aspirator suction or loading a specific amount of silica gel.,Add support for handling water-aspirator suction and specifying the amount of silica gel in the XDL language.
802,Dean-Stark apparatus,The Dean-Stark apparatus is used to remove water from the reaction mixture during heating.,The XDL language does not have a specific component or step to represent the Dean-Stark apparatus and its function.,Introduce a new component type for Dean-Stark apparatus or a step that simulates its function of removing water during heating.
803,Monitor the completion of the reaction by thin-layer chromatography (TLC) using 20% ethyl acetate in n-hexane as the mobile phase. Visualize the TLC plate under UV light or by iodine staining.,This part of the procedure is meant to monitor the progress of the reaction using TLC and visualize the results.,The XDL language does not support steps for monitoring reactions using TLC or visualizing TLC plates.,"To improve the XDL language, steps for monitoring reactions using TLC and visualizing TLC plates should be added. This could include steps like <MonitorTLC> and <VisualizeTLC>."
804,The step involving monitoring the reaction progress by TLC every 30 minutes.,This part means to check the progress of the reaction by using Thin Layer Chromatography (TLC) every 30 minutes.,The XDL language does not support steps for monitoring reaction progress using TLC or any other analytical techniques.,"To improve the XDL language, a new step for monitoring reaction progress using analytical techniques like TLC should be added."
805,Scrape the sides of the flask with a spatula to ensure all the oxyl precipitates out and can release the product into solution.,This step is meant to ensure that all the oxyl precipitates out and releases the product into the solution.,The XDL language does not support manual operations such as scraping the sides of a flask with a spatula.,"Introduce a step in the XDL language that allows for manual intervention or scraping actions, or provide an automated equivalent if possible."
806,Place an appropriately sized piece of filter paper on top of the dry silica gel layer and pre-wet with 10 mL of hexanes.,This step is meant to prepare the silica gel layer for chromatography by placing filter paper and pre-wetting it with hexanes.,The XDL language does not support manual operations such as placing filter paper and pre-wetting it.,Introduce a step in the XDL language that allows for manual intervention or provide an automated equivalent if possible.
807,Place another piece of appropriately sized filter paper on top of this layer.,This step is meant to complete the preparation of the silica gel layer for chromatography by placing another piece of filter paper on top.,The XDL language does not support manual operations such as placing filter paper.,Introduce a step in the XDL language that allows for manual intervention or provide an automated equivalent if possible.
808,Ensuring the temperature did not rise above 0 °C during the addition of triethylamine and pentafluorophenol.,This part means to maintain the temperature below 0 °C while adding the reagents.,The XDL language does not support conditional temperature control during the addition of reagents.,Introduce a new attribute or step in the XDL language to maintain temperature within a specified range during reagent addition.
809,Sublime the resulting yellow residue at 80°C and 10^-3 mbar to obtain an off-white crystalline solid.,This step aims to purify the product by sublimation under specific temperature and pressure conditions.,The XDL language does not currently support a 'Sublime' step or any equivalent step that can achieve sublimation.,Introduce a new 'Sublime' step in the XDL language that allows for sublimation under specified temperature and pressure conditions.
810,"A rubber tube exiting the water condenser led to a one-liter water-filled inverted graduated cylinder in a water trough, allowing for easy monitoring of nitrogen evolution.",This part describes a setup for monitoring gas evolution during the reaction.,The XDL language does not currently support steps for setting up or monitoring gas evolution using external apparatus like a graduated cylinder.,Extend the XDL language to include steps for setting up and monitoring gas evolution using external apparatus.
811,monitoring the reaction progress by thin-layer chromatography (TLC),This step is meant to monitor the progress of the reaction using TLC.,"The XDL language does not currently support steps for monitoring reaction progress, such as TLC.","Add a new step in the XDL language to support monitoring reaction progress, such as TLC, with attributes for the method and frequency of monitoring."
812,CO2 gas was passed through the solution using a conical flask of solid CO2 attached to a bubbler.,This step aims to introduce CO2 gas into the solution to cause a chemical reaction.,The XDL language does not currently support a step to pass gas through a solution using a conical flask of solid CO2 attached to a bubbler.,Introduce a new step in the XDL language to allow for the passing of gas through a solution using a specific apparatus like a conical flask with solid CO2 and a bubbler.
813,The step where the reaction mixture is transferred via cannula using Schlenk technique while allowing evolved hydrogen gas (H2) to escape through a needle in the septum.,This step is meant to safely add the acetic acid and water mixture to the iron powder while allowing the evolved hydrogen gas to escape.,The XDL language does not support the concept of using a cannula or allowing gas to escape through a needle in the septum.,Introduce a new step or attribute in the XDL language to handle cannula transfers and gas escape mechanisms.
814,The step where the solid is scraped from the sides of the vessel and ground up to a fine powder in a glove box.,This step is meant to collect the dried solid and grind it to a fine powder under inert conditions.,The XDL language does not support manual operations like scraping and grinding solids.,Introduce a new step or attribute in the XDL language to handle manual operations like scraping and grinding solids.
815,Cool the reaction mixture in an ice bath and adjust the dropping rate to ensure that the solution does not reflux.,This step aims to control the temperature of the reaction mixture to prevent it from refluxing.,The XDL language does not have a direct way to control the dropping rate of a reagent addition based on the temperature or reflux condition.,Introduce a new attribute or step in the XDL language to control the dropping rate based on temperature or reflux conditions.
816,Add the Grignard reagent solution via a cannula with vigorous stirring.,This step aims to transfer the Grignard reagent solution from one vessel to another using a cannula while ensuring vigorous stirring.,The XDL language does not have a specific step for transferring solutions via a cannula.,Introduce a new step in the XDL language to handle transfers via a cannula.
817,Monitor the progress of the reaction by 1H NMR.,This step is meant to check the progress of the reaction using 1H NMR spectroscopy.,The XDL language does not support steps for analytical techniques like NMR spectroscopy.,"Include a new step in the XDL language for analytical techniques such as NMR, GC, or HPLC to monitor reaction progress."
818,After removal of the solvent in vacuo (ensure adequate ventilation due to pungent thiol),This part means to remove the solvent under reduced pressure (vacuum) while ensuring adequate ventilation due to the pungent smell of thiol.,The XDL language does not have a way to specify ensuring adequate ventilation during the evaporation step.,Add an attribute to the Evaporate step to specify ventilation requirements or safety precautions.
819,"Thin-layer chromatography (TLC) of the reaction mixture showed almost complete conversion of benzaldehyde to the corresponding imine (2:8, ethyl acetate: hexane).",This step is meant to analyze the reaction mixture to check the conversion of benzaldehyde to the imine.,The XDL language does not support analytical steps like TLC.,"Include a new step in the XDL language for analytical techniques such as TLC, NMR, or GC to allow for reaction monitoring."
820,Filter the precipitated perester (0.70 g; 69%) and store it in the freezer.,This step aims to filter the precipitated perester and store it in the freezer.,The XDL language does not support a step to store a product in the freezer.,"Add a new step in the XDL language to store a product in a specific condition, such as a freezer."
821,The reaction mixture was subjected to a freeze-pump-thaw degassing cycle,"This step is meant to remove dissolved gases from the reaction mixture by freezing, applying vacuum, and then thawing.",The XDL language does not have a step to perform a freeze-pump-thaw degassing cycle.,"Introduce a new step in the XDL language to perform freeze-pump-thaw degassing cycles, which would involve freezing the mixture, applying vacuum, and then thawing it."
822,Immediately keep the Raney nickel under water as it is pyrophoric.,This step is meant to ensure the safety of handling Raney nickel by keeping it under water to prevent it from igniting.,The XDL language does not have a specific step to handle pyrophoric materials or to keep a solid under a liquid for safety reasons.,"Introduce a new step in the XDL language to handle pyrophoric materials, such as 'KeepUnderLiquid'."
823,The mixture was concentrated and the residue was heated at 100 °C for 72 hours under vacuum to afford HClO4–SiO2 as a free-flowing powder.,This step involves both concentrating the mixture and then heating it under vacuum for an extended period.,The XDL language does not support a single step that combines both concentration and heating under vacuum. The current XDL language separates these actions into distinct steps (Evaporate and Dry).,"Introduce a new step that allows for simultaneous concentration and heating under vacuum, or clarify the sequence of steps needed to achieve this in the XDL language."
824,"Completion of the reaction was monitored by TLC (by disappearance of 2,4-diacetyl phloroglucinol on TLC).",This step is used to monitor the progress of the reaction using Thin Layer Chromatography (TLC).,The XDL language does not currently support steps for monitoring reaction progress using analytical techniques like TLC.,Introduce a new step in the XDL language for monitoring reaction progress using TLC or other analytical techniques.
825,Reaction completion was monitored by 1H NMR of an aliquot every two hours.,This step involves taking aliquots from the reaction mixture and analyzing them using 1H NMR to monitor the progress of the reaction.,The XDL language does not support steps for taking aliquots or performing analytical techniques like 1H NMR.,"Extend the XDL language to include steps for sampling aliquots and performing analytical techniques such as NMR, GC, or HPLC."
826,Seal the flask with a rubber septum and place it under a nitrogen atmosphere using an inlet needle.,This step aims to create an inert atmosphere in the reaction vessel.,The XDL language does not have a step to seal a flask with a rubber septum or to use an inlet needle.,Introduce a new step in the XDL language to seal a vessel and to use an inlet needle for creating an inert atmosphere.
827,"From this point on, all operations were performed in the dark.",This part means that the subsequent steps should be carried out in the absence of light.,The current XDL language does not support a way to specify that operations should be performed in the dark.,Add a new attribute or step in the XDL language to specify that operations should be performed in the dark.
828,All solutions used were kept at 0°C at all times.,This part means that all solutions should be maintained at 0°C throughout the procedure.,The current XDL language does not support a way to specify that all solutions should be kept at a specific temperature throughout the procedure.,Add a new attribute or step in the XDL language to specify that all solutions should be maintained at a specific temperature.
829,"The obtained red solid was immediately used in the following reaction or stored overnight under nitrogen, in the dark at -30°C.",This part means that the obtained solid should either be used immediately or stored under specific conditions.,The current XDL language does not support a way to specify conditional storage or immediate use of a product.,Add a new attribute or step in the XDL language to specify conditional storage or immediate use of a product.
830,Place 360 mg (15 mmol) of sodium hydride (NaH) in a two-neck round-bottom flask under a nitrogen atmosphere.,This step aims to create an inert atmosphere in the flask before adding sodium hydride.,"The XDL language does not currently support specifying the type of flask (e.g., two-neck round-bottom) or the creation of an inert atmosphere before adding reagents.",Add support for specifying flask types and creating an inert atmosphere before adding reagents.
831,Purify the reaction mixture by silica gel column chromatography using ethyl acetate:hexane as the mobile phase to yield two products: para-substituted o-cresols 1a (55%) and ortho-/para-disubstituted o-cresols 1b (28%).,This part aims to separate and purify the reaction products using column chromatography.,"The XDL language does not support specifying the mobile phase for column chromatography, nor does it support yielding multiple products with specific yields.",Extend the XDL language to allow specifying the mobile phase for column chromatography and to handle multiple products with specific yields.
832,The mixture was irradiated at 120°C for 10 minutes.,This step involves using microwave irradiation to heat the reaction mixture.,The XDL language does not currently support microwave irradiation as a heating method.,"Add support for microwave irradiation in the XDL language, including attributes for power and duration."
833,A rubber tube was connected from the top of the water condenser to a 1 L beaker containing 500 ml of commercial Chlorox.,This step is meant to safely vent any gases produced during the reaction into a Chlorox solution.,The XDL language does not support the concept of connecting a rubber tube to vent gases into another container.,Introduce a new step in the XDL language to handle gas venting into a specified container.
834,The product was dried in a vacuum desiccator with blue Drierite desiccant under pump vacuum (~2 torr) for 4 hours.,This step is meant to dry the product using a vacuum desiccator and a desiccant.,The XDL language does not support the concept of using a vacuum desiccator with a desiccant.,Introduce a new step in the XDL language to handle drying in a vacuum desiccator with a desiccant.
835,"After cooling to room temperature (25°C), sulfur dioxide (SO2) gas was passed through the mixture until the color of bromine disappeared.",This step aims to remove the bromine by passing sulfur dioxide gas through the mixture until the bromine color disappears.,"The XDL language does not support a step to pass gas through a mixture until a color change is observed. The Purge step can pass gas through a mixture, but it does not have a condition to stop based on color change.",Introduce a new step in the XDL language that allows for passing gas through a mixture until a specific condition (like color change) is met.
836,Degas the mixture under vacuum and then fill the vessel with argon.,This step aims to remove oxygen and other gases from the mixture by applying a vacuum and then filling the vessel with argon to maintain an inert atmosphere.,"The current XDL language does not support a direct 'degas' step. The closest available step is 'EvacuateAndRefill', which can be used to achieve a similar effect.","Introduce a 'Degas' step in the XDL language to specifically handle the degassing process. Alternatively, use 'EvacuateAndRefill' as a workaround."
837,Transfer the toluene mixture to the second Schlenk vessel via cannula.,"This step aims to transfer the mixture from one vessel to another using a cannula, which is a specific method of transfer.","The XDL language does not specify the method of transfer (e.g., cannula). It only has a generic 'Transfer' step.","Introduce an attribute in the 'Transfer' step to specify the method of transfer, such as 'method=""cannula""'."
838,"Small pieces of sodium (2.9 g, 0.13 mol) were added over a period of 20 minutes",This step involves adding small pieces of sodium over a period of 20 minutes.,The XDL language does not support adding a solid reagent over a specified period of time.,Introduce a new attribute for the Add step to specify the time over which a solid reagent is added.
839,under illumination of a sun lamp,The reaction mixture should be exposed to light from a sun lamp during the addition of Br2.,The XDL language does not have a step to specify illumination or exposure to light.,"Add a new step in the XDL language to specify illumination conditions, such as <Illuminate .../>."
840,The addition of '4 drops' of concentrated HCl,"Adding a small, precise amount of a liquid reagent",The XDL language does not support the addition of reagents in 'drops'. It only supports volume or amount.,"The XDL language should be extended to support the addition of reagents in drops, or a conversion to volume should be provided."
841,"The flask was fitted with a condenser, and a hosing adapter with a Teflon stopcock was attached to the top of the condenser.","This part describes the setup of the apparatus, including fitting a condenser and a hosing adapter with a Teflon stopcock.",The XDL language does not have a way to specify the setup of specific apparatus components like condensers and hosing adapters.,"Add a way to specify the setup of additional apparatus components in the XDL language, such as condensers and hosing adapters."
842,An oil bubbler was attached to a second tap of the double manifold and opened to argon.,This part describes attaching an oil bubbler to the apparatus and opening it to argon.,The XDL language does not have a way to specify the attachment of an oil bubbler or the opening of it to argon.,Add a way to specify the attachment of additional apparatus components like oil bubblers in the XDL language.
843,"The step involving recrystallization from water to give 2,6-diformylphenol as white crystals.",This step aims to purify the product by dissolving it in water and then allowing it to recrystallize.,"The XDL language does not have a specific step for recrystallization. The closest steps are Dissolve and Precipitate, but they do not fully capture the recrystallization process.","Introduce a new step in the XDL language specifically for recrystallization, which would involve dissolving the solid in a solvent at an elevated temperature and then cooling it to induce crystallization."
844,The step involving the detection of the starting material by thin layer chromatography (TLC).,This step is used to monitor the progress of the reaction and determine when the starting material is fully consumed.,The XDL language does not currently support steps for analytical techniques such as TLC.,"To improve the XDL language, consider adding support for common analytical techniques like TLC, NMR, and HPLC to monitor reaction progress."
845,The use of a Dean-Stark apparatus for the reaction,The Dean-Stark apparatus is used to remove water from the reaction mixture by azeotropic distillation.,The XDL language does not have a specific component or step to represent the use of a Dean-Stark apparatus.,Introduce a new component type for Dean-Stark apparatus and a corresponding step to handle azeotropic distillation.
846,"Monitor the reaction progress by 19F NMR spectroscopy until the dark red color of the phosphide dissipates and a single environment (δF: -103.3, d, JFP = 53.0 Hz) is observed, indicating the formation of a monophosphine species.",This step is meant to monitor the reaction progress using 19F NMR spectroscopy.,The XDL language does not support steps for monitoring reaction progress using NMR spectroscopy.,"Introduce a new step in the XDL language for monitoring reaction progress using NMR spectroscopy, including attributes for the type of NMR and the expected chemical shifts."
847,Monitor the reaction progress by 31P NMR spectroscopy until a single peak (δP: -12.3) is observed.,This step is meant to monitor the reaction progress using 31P NMR spectroscopy.,The XDL language does not support steps for monitoring reaction progress using NMR spectroscopy.,"Introduce a new step in the XDL language for monitoring reaction progress using NMR spectroscopy, including attributes for the type of NMR and the expected chemical shifts."
848,"Recrystallize the crude material from toluene to afford 1,2-bis(diphenylphosphino)benzene (87%, 7.80 g) as a colorless solid.",This step is meant to purify the product by recrystallization.,The XDL language does not support recrystallization steps.,"Introduce a new step in the XDL language for recrystallization, including attributes for the solvent, temperature, and time."
849,Monitor the completion of the reaction by thin-layer chromatography (TLC) using 20% ethyl acetate (EtOAc) in n-hexane as the mobile phase.,This step is meant to monitor the progress of the reaction using TLC.,The XDL language does not support steps for monitoring reactions using TLC or any other analytical techniques.,"To improve the XDL language, add support for analytical steps such as TLC, NMR, or GC-MS to monitor reaction progress."
850,The reaction completion is monitored by thin-layer chromatography (TLC).,This step is meant to check the progress of the reaction and determine when it is complete.,The XDL language does not currently support steps for monitoring reaction progress using TLC or any other analytical techniques.,"To improve the XDL language, a new step for monitoring reaction progress using TLC or other analytical techniques should be added. This step could include attributes for the method of monitoring and the criteria for completion."
851,The mixture was concentrated and the residue was heated at 100 °C for 72 hours under vacuum to afford Silica-HClO4 as a free-flowing powder.,This part means to evaporate the solvent and then dry the residue under vacuum at 100 °C for 72 hours.,The XDL language does not support a single step that combines evaporation and drying under vacuum. The current XDL language requires these to be separate steps.,Improve the XDL language to support a combined evaporation and drying step under vacuum.
852,Seal the flask with a septum equipped with two inlet needles as an exit valve.,This step is meant to ensure that the reaction mixture is sealed and can vent gases safely.,The XDL language does not have a step to seal a flask with a septum or to equip it with inlet needles.,Introduce a new step in the XDL language to seal a vessel and equip it with inlet needles for venting gases.
853,Monitor the reaction progress by 1H NMR.,This step is meant to check the progress of the reaction using 1H NMR spectroscopy.,The XDL language does not have a step to monitor reaction progress using analytical techniques like NMR.,Introduce a new step in the XDL language to monitor reaction progress using analytical techniques such as NMR.
854,Scrape the sides of the flask with a spatula to ensure all the oxyl precipitates out and can release the product into solution.,This step is meant to ensure that all the oxyl precipitates out and releases the product into the solution.,The XDL language does not support manual operations like scraping the sides of a flask with a spatula.,"Introduce a new step in the XDL language that allows for manual intervention or scraping actions, or provide a way to ensure complete precipitation without manual intervention."
855,Place an appropriately sized piece of filter paper on top of the dry silica gel layer and pre-wet with hexanes.,This step is meant to prepare the silica gel layer for column chromatography by placing filter paper and pre-wetting it with hexanes.,The XDL language does not support manual operations like placing filter paper and pre-wetting it.,Introduce a new step in the XDL language that allows for manual preparation of chromatography columns or provide a way to automate this process.
856,Place another piece of appropriately sized filter paper atop this layer.,This step is meant to complete the preparation of the silica gel layer for column chromatography by placing another piece of filter paper on top.,The XDL language does not support manual operations like placing filter paper.,Introduce a new step in the XDL language that allows for manual preparation of chromatography columns or provide a way to automate this process.
857,The use of a Dean-Stark apparatus,The Dean-Stark apparatus is used to remove water from the reaction mixture during heating.,The XDL language does not have a specific component or step to represent the use of a Dean-Stark apparatus.,Introduce a new component type for Dean-Stark apparatus or a step that can simulate its function.
858,Cool the oily residue in a water bath while stirring vigorously with a spatula,This step aims to cool the residue and ensure it is well-mixed before drying.,The XDL language does not support the use of a spatula for stirring or the concept of a water bath for cooling.,Introduce a new step or attribute in the XDL language to handle manual stirring with a spatula and cooling in a water bath.
859,Cool the oily residue in a water bath while stirring vigorously (1000 rpm) with a spatula.,This step aims to cool the residue and stir it vigorously to ensure proper mixing.,The XDL language does not support the use of a spatula for stirring. It only supports mechanical stirring with defined RPM.,Introduce a new step or attribute in the XDL language to handle manual stirring with a spatula or provide an alternative method for vigorous stirring.
860,Monitor the reaction progress using thin layer chromatography (TLC).,This step is meant to monitor the progress of the reaction using TLC.,The XDL language does not currently support steps for monitoring reaction progress using TLC or any other analytical techniques.,"To improve the XDL language, a new step for monitoring reaction progress using TLC or other analytical techniques should be added."
861,"Continue stirring the mixture at 60 °C and 300 rpm until the reaction is complete, as indicated by Thin Layer Chromatography (TLC).","This step means to continue the reaction until it is complete, as monitored by TLC.",The XDL language does not support conditional steps based on analytical techniques like TLC.,"Introduce a new step in the XDL language to allow conditional execution based on analytical results, such as TLC."
862,Monitor the reaction progress using TLC analysis.,This step is meant to check the progress of the reaction using Thin Layer Chromatography (TLC).,The XDL language does not currently support steps for analytical techniques like TLC.,Add support for analytical steps like TLC analysis in the XDL language to monitor reaction progress.
863,Continue stirring at 300 rpm and maintain the temperature at 60°C until the reaction is complete as indicated by thin layer chromatography (TLC).,"This part means to continue the reaction until it is complete, as indicated by TLC.",The XDL language does not support conditional steps based on analytical techniques like TLC.,"To improve the XDL language, a feature to allow conditional steps based on analytical results should be added. For now, a fixed time can be used as a placeholder."
864,After completion of the reaction as indicated by TLC analysis,This part means to check the completion of the reaction using Thin Layer Chromatography (TLC).,The XDL language does not support steps for analytical techniques like TLC.,Include a step in the XDL language to perform analytical techniques like TLC to check the completion of reactions.
865,Monitor the reaction progress using thin layer chromatography (TLC).,This step is meant to monitor the progress of the reaction using TLC.,The XDL language does not currently support steps for monitoring reaction progress using TLC or any other analytical techniques.,"To improve the XDL language, a new step for monitoring reaction progress using TLC or other analytical techniques should be added. This step could include attributes for the method, time, and any other relevant parameters."
866,After completion of the reaction as indicated by TLC analysis,This part means to check the completion of the reaction using TLC analysis.,The XDL language does not support steps for analytical techniques like TLC analysis.,Include a step in the XDL language to perform TLC analysis or other analytical techniques to check the completion of reactions.
